64754,BW-Sigrid
68159,BW-Sigrid
68161,BW-Sigrid
68163,BW-Sigrid
68165,BW-Sigrid
68167,BW-Sigrid
68169,BW-Sigrid
68199,BW-Sigrid
68219,BW-Sigrid
68229,BW-Sigrid
68239,BW-Sigrid
68259,BW-Sigrid
68305,BW-Sigrid
68307,BW-Sigrid
68309,BW-Sigrid
68526,BW-Sigrid
68535,BW-Sigrid
68542,BW-Sigrid
68549,BW-Sigrid
68723,BW-Sigrid
68753,BW-Sigrid
68766,BW-Sigrid
68775,BW-Sigrid
68782,BW-Sigrid
68789,BW-Sigrid
68794,BW-Sigrid
68799,BW-Sigrid
68804,BW-Sigrid
68809,BW-Sigrid
69115,BW-Sigrid
69117,BW-Sigrid
69118,BW-Sigrid
69120,BW-Sigrid
69121,BW-Sigrid
69123,BW-Sigrid
69124,BW-Sigrid
69126,BW-Sigrid
69151,BW-Sigrid
69168,BW-Sigrid
69181,BW-Sigrid
69190,BW-Sigrid
69198,BW-Sigrid
69207,BW-Sigrid
69214,BW-Sigrid
69221,BW-Sigrid
69226,BW-Sigrid
69231,BW-Sigrid
69234,BW-Sigrid
69242,BW-Sigrid
69245,BW-Sigrid
69250,BW-Sigrid
69251,BW-Sigrid
69253,BW-Sigrid
69254,BW-Sigrid
69256,BW-Sigrid
69257,BW-Sigrid
69259,BW-Sigrid
69412,BW-Sigrid
69427,BW-Sigrid
69429,BW-Sigrid
69434,BW-Sigrid
69436,BW-Sigrid
69437,BW-Sigrid
69439,BW-Sigrid
69469,BW-Sigrid
69493,BW-Sigrid
69502,BW-Sigrid
69514,BW-Sigrid
70173,BW-Sigrid
70174,BW-Sigrid
70176,BW-Sigrid
70178,BW-Sigrid
70180,BW-Sigrid
70182,BW-Sigrid
70184,BW-Sigrid
70186,BW-Sigrid
70188,BW-Sigrid
70190,BW-Sigrid
70191,BW-Sigrid
70192,BW-Sigrid
70193,BW-Sigrid
70195,BW-Sigrid
70197,BW-Sigrid
70199,BW-Sigrid
70327,BW-Sigrid
70329,BW-Sigrid
70372,BW-Sigrid
70374,BW-Sigrid
70376,BW-Sigrid
70378,BW-Sigrid
70435,BW-Sigrid
70437,BW-Sigrid
70439,BW-Sigrid
70469,BW-Sigrid
70499,BW-Sigrid
70563,BW-Sigrid
70565,BW-Sigrid
70567,BW-Sigrid
70569,BW-Sigrid
70597,BW-Sigrid
70599,BW-Sigrid
70619,BW-Sigrid
70629,BW-Sigrid
70734,BW-Sigrid
70736,BW-Sigrid
70771,BW-Sigrid
70794,BW-Sigrid
70806,BW-Sigrid
70825,BW-Sigrid
70839,BW-Sigrid
71032,BW-Sigrid
71034,BW-Sigrid
71063,BW-Sigrid
71065,BW-Sigrid
71067,BW-Sigrid
71069,BW-Sigrid
71083,BW-Sigrid
71088,BW-Sigrid
71093,BW-Sigrid
71101,BW-Sigrid
71106,BW-Sigrid
71111,BW-Sigrid
71116,BW-Sigrid
71120,BW-Sigrid
71126,BW-Sigrid
71131,BW-Sigrid
71134,BW-Sigrid
71139,BW-Sigrid
71144,BW-Sigrid
71149,BW-Sigrid
71154,BW-Sigrid
71155,BW-Sigrid
71157,BW-Sigrid
71159,BW-Sigrid
71229,BW-Sigrid
71254,BW-Sigrid
71263,BW-Sigrid
71272,BW-Sigrid
71277,BW-Sigrid
71282,BW-Sigrid
71287,BW-Sigrid
71292,BW-Sigrid
71296,BW-Sigrid
71297,BW-Sigrid
71299,BW-Sigrid
71332,BW-Sigrid
71334,BW-Sigrid
71336,BW-Sigrid
71364,BW-Sigrid
71384,BW-Sigrid
71394,BW-Sigrid
71397,BW-Sigrid
71404,BW-Sigrid
71409,BW-Sigrid
71522,BW-Sigrid
71540,BW-Sigrid
71543,BW-Sigrid
71546,BW-Sigrid
71549,BW-Sigrid
71554,BW-Sigrid
71560,BW-Sigrid
71563,BW-Sigrid
71566,BW-Sigrid
71570,BW-Sigrid
71573,BW-Sigrid
71576,BW-Sigrid
71577,BW-Sigrid
71579,BW-Sigrid
71634,BW-Sigrid
71636,BW-Sigrid
71638,BW-Sigrid
71640,BW-Sigrid
71642,BW-Sigrid
71665,BW-Sigrid
71672,BW-Sigrid
71679,BW-Sigrid
71686,BW-Sigrid
71691,BW-Sigrid
71696,BW-Sigrid
71701,BW-Sigrid
71706,BW-Sigrid
71711,BW-Sigrid
71717,BW-Sigrid
71718,BW-Sigrid
71720,BW-Sigrid
71723,BW-Sigrid
71726,BW-Sigrid
71729,BW-Sigrid
71732,BW-Sigrid
71735,BW-Sigrid
71737,BW-Sigrid
71739,BW-Sigrid
72070,BW-Mudi
72072,BW-Mudi
72074,BW-Mudi
72076,BW-Mudi
72108,BW-Sigrid
72116,BW-Sigrid
72119,BW-Sigrid
72124,BW-Sigrid
72127,BW-Sigrid
72131,BW-Sigrid
72135,BW-Sigrid
72138,BW-Sigrid
72141,BW-Sigrid
72144,BW-Sigrid
72145,BW-Sigrid
72147,BW-Sigrid
72149,BW-Sigrid
72160,BW-Sigrid
72172,BW-Sigrid
72175,BW-Sigrid
72178,BW-Sigrid
72181,BW-Sigrid
72184,BW-Sigrid
72186,BW-Sigrid
72189,BW-Sigrid
72202,BW-Sigrid
72213,BW-Sigrid
72218,BW-Sigrid
72221,BW-Sigrid
72224,BW-Sigrid
72226,BW-Sigrid
72227,BW-Sigrid
72229,BW-Sigrid
72250,BW-Sigrid
72270,BW-Sigrid
72275,BW-Sigrid
72280,BW-Sigrid
72285,BW-Sigrid
72290,BW-Sigrid
72291,BW-Sigrid
72293,BW-Sigrid
72294,BW-Sigrid
72296,BW-Sigrid
72297,BW-Sigrid
72299,BW-Sigrid
72336,BW-Sigrid
72348,BW-Sigrid
72351,BW-Sigrid
72355,BW-Sigrid
72356,BW-Sigrid
72358,BW-Sigrid
72359,BW-Sigrid
72361,BW-Sigrid
72362,BW-Sigrid
72364,BW-Sigrid
72365,BW-Sigrid
72367,BW-Sigrid
72369,BW-Sigrid
72379,BW-Sigrid
72393,BW-Sigrid
72401,BW-Sigrid
72406,BW-Sigrid
72411,BW-Sigrid
72414,BW-Sigrid
72415,BW-Sigrid
72417,BW-Sigrid
72419,BW-Sigrid
72458,BW-Sigrid
72459,BW-Sigrid
72461,BW-Sigrid
72469,BW-Sigrid
72474,BW-Sigrid
72475,BW-Sigrid
72477,BW-Sigrid
72479,BW-Sigrid
72488,BW-Sigrid
72501,BW-Sigrid
72505,BW-Sigrid
72510,BW-Sigrid
72511,BW-Sigrid
72513,BW-Sigrid
72514,BW-Sigrid
72516,BW-Sigrid
72517,BW-Sigrid
72519,BW-Sigrid
72525,BW-Sigrid
72531,BW-Sigrid
72532,BW-Sigrid
72534,BW-Sigrid
72535,BW-Sigrid
72537,BW-Sigrid
72539,BW-Sigrid
72555,BW-Sigrid
72574,BW-Sigrid
72581,BW-Sigrid
72582,BW-Sigrid
72584,BW-Sigrid
72585,BW-Sigrid
72587,BW-Sigrid
72589,BW-Sigrid
72622,BW-Sigrid
72631,BW-Sigrid
72636,BW-Sigrid
72639,BW-Sigrid
72644,BW-Sigrid
72649,BW-Sigrid
72654,BW-Sigrid
72655,BW-Sigrid
72657,BW-Sigrid
72658,BW-Sigrid
72660,BW-Sigrid
72661,BW-Sigrid
72663,BW-Sigrid
72664,BW-Sigrid
72666,BW-Sigrid
72667,BW-Sigrid
72669,BW-Sigrid
72760,BW-Sigrid
72762,BW-Sigrid
72764,BW-Sigrid
72766,BW-Sigrid
72768,BW-Sigrid
72770,BW-Sigrid
72793,BW-Sigrid
72800,BW-Sigrid
72805,BW-Sigrid
72810,BW-Sigrid
72813,BW-Sigrid
72818,BW-Sigrid
72820,BW-Sigrid
72827,BW-Sigrid
72829,BW-Sigrid
73033,BW-Sigrid
73035,BW-Sigrid
73037,BW-Sigrid
73054,BW-Sigrid
73061,BW-Sigrid
73066,BW-Sigrid
73072,BW-Sigrid
73079,BW-Sigrid
73084,BW-Sigrid
73087,BW-Sigrid
73092,BW-Sigrid
73095,BW-Sigrid
73098,BW-Sigrid
73099,BW-Sigrid
73101,BW-Sigrid
73102,BW-Sigrid
73104,BW-Sigrid
73105,BW-Sigrid
73107,BW-Sigrid
73108,BW-Sigrid
73110,BW-Sigrid
73111,BW-Sigrid
73113,BW-Sigrid
73114,BW-Sigrid
73116,BW-Sigrid
73117,BW-Sigrid
73119,BW-Sigrid
73207,BW-Sigrid
73230,BW-Sigrid
73235,BW-Sigrid
73240,BW-Sigrid
73249,BW-Sigrid
73252,BW-Sigrid
73257,BW-Sigrid
73262,BW-Sigrid
73265,BW-Sigrid
73266,BW-Sigrid
73268,BW-Sigrid
73269,BW-Sigrid
73271,BW-Sigrid
73272,BW-Sigrid
73274,BW-Sigrid
73275,BW-Sigrid
73277,BW-Sigrid
73278,BW-Sigrid
73312,BW-Sigrid
73326,BW-Sigrid
73329,BW-Sigrid
73333,BW-Sigrid
73337,BW-Sigrid
73340,BW-Sigrid
73342,BW-Sigrid
73344,BW-Sigrid
73345,BW-Sigrid
73347,BW-Sigrid
73349,BW-Sigrid
73430,BW-Sigrid
73431,BW-Sigrid
73432,BW-Sigrid
73433,BW-Sigrid
73434,BW-Sigrid
73441,BW-Sigrid
73447,BW-Sigrid
73450,BW-Sigrid
73453,BW-Sigrid
73457,BW-Sigrid
73460,BW-Sigrid
73463,BW-Sigrid
73466,BW-Sigrid
73467,BW-Sigrid
73469,BW-Sigrid
73479,BW-Sigrid
73485,BW-Sigrid
73486,BW-Sigrid
73488,BW-Sigrid
73489,BW-Sigrid
73491,BW-Sigrid
73492,BW-Sigrid
73494,BW-Sigrid
73495,BW-Sigrid
73497,BW-Sigrid
73499,BW-Sigrid
73525,BW-Sigrid
73527,BW-Sigrid
73529,BW-Sigrid
73540,BW-Sigrid
73547,BW-Sigrid
73550,BW-Sigrid
73553,BW-Sigrid
73557,BW-Sigrid
73560,BW-Sigrid
73563,BW-Sigrid
73565,BW-Sigrid
73566,BW-Sigrid
73568,BW-Sigrid
73569,BW-Sigrid
73571,BW-Sigrid
73572,BW-Sigrid
73574,BW-Sigrid
73575,BW-Sigrid
73577,BW-Sigrid
73579,BW-Sigrid
73614,BW-Sigrid
73630,BW-Sigrid
73635,BW-Sigrid
73642,BW-Sigrid
73650,BW-Sigrid
73655,BW-Sigrid
73660,BW-Sigrid
73663,BW-Sigrid
73666,BW-Sigrid
73667,BW-Sigrid
73669,BW-Sigrid
73728,BW-Sigrid
73730,BW-Sigrid
73732,BW-Sigrid
73733,BW-Sigrid
73734,BW-Sigrid
73760,BW-Sigrid
73765,BW-Sigrid
73770,BW-Sigrid
73773,BW-Sigrid
73776,BW-Sigrid
73779,BW-Sigrid
74072,BW-Sigrid
74074,BW-Sigrid
74076,BW-Sigrid
74078,BW-Sigrid
74080,BW-Sigrid
74081,BW-Sigrid
74172,BW-Sigrid
74177,BW-Sigrid
74182,BW-Sigrid
74189,BW-Sigrid
74193,BW-Sigrid
74196,BW-Sigrid
74199,BW-Sigrid
74206,BW-Sigrid
74211,BW-Sigrid
74214,BW-Sigrid
74219,BW-Sigrid
74223,BW-Sigrid
74226,BW-Sigrid
74229,BW-Sigrid
74232,BW-Sigrid
74235,BW-Sigrid
74238,BW-Sigrid
74239,BW-Sigrid
74243,BW-Sigrid
74245,BW-Sigrid
74246,BW-Sigrid
74248,BW-Sigrid
74249,BW-Sigrid
74251,BW-Sigrid
74252,BW-Sigrid
74254,BW-Sigrid
74255,BW-Sigrid
74257,BW-Sigrid
74259,BW-Sigrid
74321,BW-Sigrid
74336,BW-Sigrid
74337,BW-Sigrid
74343,BW-Sigrid
74348,BW-Sigrid
74354,BW-Sigrid
74357,BW-Sigrid
74360,BW-Sigrid
74363,BW-Sigrid
74366,BW-Sigrid
74369,BW-Sigrid
74372,BW-Sigrid
74374,BW-Sigrid
74376,BW-Sigrid
74379,BW-Sigrid
74382,BW-Sigrid
74385,BW-Sigrid
74388,BW-Sigrid
74389,BW-Sigrid
74391,BW-Sigrid
74392,BW-Sigrid
74394,BW-Sigrid
74395,BW-Sigrid
74397,BW-Sigrid
74399,BW-Sigrid
74405,BW-Sigrid
74417,BW-Sigrid
74420,BW-Sigrid
74423,BW-Sigrid
74424,BW-Sigrid
74426,BW-Sigrid
74427,BW-Sigrid
74429,BW-Sigrid
74523,BW-Sigrid
74532,BW-Sigrid
74535,BW-Sigrid
74538,BW-Sigrid
74541,BW-Sigrid
74542,BW-Sigrid
74544,BW-Sigrid
74545,BW-Sigrid
74547,BW-Sigrid
74549,BW-Sigrid
74564,BW-Sigrid
74572,BW-Sigrid
74575,BW-Sigrid
74579,BW-Sigrid
74582,BW-Sigrid
74585,BW-Sigrid
74586,BW-Sigrid
74589,BW-Sigrid
74592,BW-Sigrid
74594,BW-Sigrid
74595,BW-Sigrid
74597,BW-Sigrid
74599,BW-Sigrid
74613,BW-Sigrid
74626,BW-Sigrid
74629,BW-Sigrid
74632,BW-Sigrid
74635,BW-Sigrid
74638,BW-Sigrid
74639,BW-Sigrid
74653,BW-Sigrid
74670,BW-Sigrid
74673,BW-Sigrid
74676,BW-Sigrid
74677,BW-Sigrid
74679,BW-Sigrid
74706,BW-Sigrid
74722,BW-Sigrid
74731,BW-Sigrid
74736,BW-Sigrid
74740,BW-Sigrid
74743,BW-Sigrid
74744,BW-Sigrid
74746,BW-Sigrid
74747,BW-Sigrid
74749,BW-Sigrid
74821,BW-Sigrid
74831,BW-Sigrid
74832,BW-Sigrid
74834,BW-Sigrid
74838,BW-Sigrid
74842,BW-Sigrid
74847,BW-Sigrid
74850,BW-Sigrid
74855,BW-Sigrid
74858,BW-Sigrid
74861,BW-Sigrid
74862,BW-Sigrid
74864,BW-Sigrid
74865,BW-Sigrid
74867,BW-Sigrid
74869,BW-Sigrid
74889,BW-Sigrid
74906,BW-Sigrid
74909,BW-Sigrid
74912,BW-Sigrid
74915,BW-Sigrid
74918,BW-Sigrid
74921,BW-Sigrid
74924,BW-Sigrid
74925,BW-Sigrid
74927,BW-Sigrid
74928,BW-Sigrid
74930,BW-Sigrid
74931,BW-Sigrid
74933,BW-Sigrid
74934,BW-Sigrid
74936,BW-Sigrid
74937,BW-Sigrid
74939,BW-Sigrid
75015,BW-Sigrid
75031,BW-Sigrid
75038,BW-Sigrid
75045,BW-Sigrid
75050,BW-Sigrid
75053,BW-Sigrid
75056,BW-Sigrid
75057,BW-Sigrid
75059,BW-Sigrid
75172,BW-Sigrid
75173,BW-Sigrid
75175,BW-Sigrid
75177,BW-Sigrid
75179,BW-Sigrid
75180,BW-Sigrid
75181,BW-Sigrid
75196,BW-Sigrid
75203,BW-Sigrid
75210,BW-Sigrid
75217,BW-Sigrid
75223,BW-Sigrid
75228,BW-Sigrid
75233,BW-Sigrid
75236,BW-Sigrid
75239,BW-Sigrid
75242,BW-Sigrid
75245,BW-Sigrid
75248,BW-Sigrid
75249,BW-Sigrid
75305,BW-Sigrid
75323,BW-Sigrid
75328,BW-Sigrid
75331,BW-Sigrid
75334,BW-Sigrid
75335,BW-Sigrid
75337,BW-Sigrid
75339,BW-Sigrid
75365,BW-Sigrid
75378,BW-Sigrid
75382,BW-Sigrid
75385,BW-Sigrid
75387,BW-Sigrid
75389,BW-Sigrid
75391,BW-Sigrid
75392,BW-Sigrid
75394,BW-Sigrid
75395,BW-Sigrid
75397,BW-Sigrid
75399,BW-Sigrid
75417,BW-Sigrid
75428,BW-Sigrid
75433,BW-Sigrid
75438,BW-Sigrid
75443,BW-Sigrid
75446,BW-Sigrid
75447,BW-Sigrid
75449,BW-Sigrid
76131,BW-Sigrid
76133,BW-Sigrid
76135,BW-Sigrid
76137,BW-Sigrid
76139,BW-Sigrid
76149,BW-Sigrid
76185,BW-Sigrid
76187,BW-Sigrid
76189,BW-Sigrid
76199,BW-Sigrid
76227,BW-Sigrid
76228,BW-Sigrid
76229,BW-Sigrid
76275,BW-Sigrid
76287,BW-Sigrid
76297,BW-Sigrid
76307,BW-Sigrid
76316,BW-Sigrid
76327,BW-Sigrid
76332,BW-Sigrid
76337,BW-Sigrid
76344,BW-Sigrid
76351,BW-Sigrid
76356,BW-Sigrid
76359,BW-Sigrid
76437,BW-Sigrid
76448,BW-Sigrid
76456,BW-Sigrid
76461,BW-Sigrid
76467,BW-Sigrid
76470,BW-Sigrid
76473,BW-Sigrid
76474,BW-Sigrid
76476,BW-Sigrid
76477,BW-Sigrid
76479,BW-Sigrid
76530,BW-Sigrid
76532,BW-Sigrid
76534,BW-Sigrid
76547,BW-Sigrid
76549,BW-Sigrid
76571,BW-Sigrid
76593,BW-Sigrid
76596,BW-Sigrid
76597,BW-Sigrid
76599,BW-Sigrid
76646,BW-Sigrid
76661,BW-Sigrid
76669,BW-Sigrid
76676,BW-Sigrid
76684,BW-Sigrid
76689,BW-Sigrid
76694,BW-Sigrid
76698,BW-Sigrid
76703,BW-Sigrid
76706,BW-Sigrid
76707,BW-Sigrid
76709,BW-Sigrid
77652,BW-Sigrid
77654,BW-Sigrid
77656,BW-Sigrid
77694,BW-Sigrid
77704,BW-Sigrid
77709,BW-Sigrid
77716,BW-Sigrid
77723,BW-Sigrid
77728,BW-Sigrid
77731,BW-Sigrid
77736,BW-Sigrid
77740,BW-Sigrid
77743,BW-Sigrid
77746,BW-Sigrid
77749,BW-Sigrid
77756,BW-Sigrid
77761,BW-Sigrid
77767,BW-Sigrid
77770,BW-Sigrid
77773,BW-Sigrid
77776,BW-Sigrid
77781,BW-Sigrid
77784,BW-Sigrid
77787,BW-Sigrid
77790,BW-Sigrid
77791,BW-Sigrid
77793,BW-Sigrid
77794,BW-Sigrid
77796,BW-Sigrid
77797,BW-Sigrid
77799,BW-Sigrid
77815,BW-Sigrid
77830,BW-Sigrid
77833,BW-Sigrid
77836,BW-Sigrid
77839,BW-Sigrid
77855,BW-Sigrid
77866,BW-Sigrid
77871,BW-Sigrid
77876,BW-Sigrid
77880,BW-Sigrid
77883,BW-Sigrid
77886,BW-Sigrid
77887,BW-Sigrid
77889,BW-Sigrid
77933,BW-Sigrid
77948,BW-Sigrid
77955,BW-Sigrid
77960,BW-Sigrid
77963,BW-Sigrid
77966,BW-Sigrid
77971,BW-Sigrid
77972,BW-Sigrid
77974,BW-Sigrid
77975,BW-Sigrid
77977,BW-Sigrid
77978,BW-Sigrid
78048,BW-Sigrid
78050,BW-Sigrid
78052,BW-Sigrid
78054,BW-Sigrid
78056,BW-Sigrid
78073,BW-Sigrid
78078,BW-Sigrid
78083,BW-Sigrid
78086,BW-Sigrid
78087,BW-Sigrid
78089,BW-Sigrid
78098,BW-Sigrid
78112,BW-Sigrid
78120,BW-Sigrid
78126,BW-Sigrid
78132,BW-Sigrid
78136,BW-Sigrid
78141,BW-Sigrid
78144,BW-Sigrid
78147,BW-Sigrid
78148,BW-Sigrid
78166,BW-Sigrid
78176,BW-Sigrid
78183,BW-Sigrid
78187,BW-Sigrid
78194,BW-Sigrid
78199,BW-Sigrid
78224,BW-Sigrid
78234,BW-Sigrid
78239,BW-Sigrid
78244,BW-Sigrid
78247,BW-Sigrid
78250,BW-Sigrid
78253,BW-Sigrid
78256,BW-Sigrid
78259,BW-Sigrid
78262,BW-Sigrid
78266,BW-Sigrid
78267,BW-Sigrid
78269,BW-Sigrid
78315,BW-Sigrid
78333,BW-Sigrid
78337,BW-Sigrid
78343,BW-Sigrid
78345,BW-Sigrid
78351,BW-Sigrid
78354,BW-Sigrid
78355,BW-Sigrid
78357,BW-Sigrid
78359,BW-Sigrid
78462,BW-Sigrid
78464,BW-Sigrid
78465,BW-Sigrid
78467,BW-Sigrid
78476,BW-Sigrid
78479,BW-Sigrid
78532,BW-Sigrid
78549,BW-Sigrid
78554,BW-Sigrid
78559,BW-Sigrid
78564,BW-Sigrid
78567,BW-Sigrid
78570,BW-Sigrid
78573,BW-Sigrid
78576,BW-Sigrid
78579,BW-Sigrid
78580,BW-Sigrid
78582,BW-Sigrid
78583,BW-Sigrid
78585,BW-Sigrid
78586,BW-Sigrid
78588,BW-Sigrid
78589,BW-Sigrid
78591,BW-Sigrid
78592,BW-Sigrid
78594,BW-Sigrid
78595,BW-Sigrid
78597,BW-Sigrid
78598,BW-Sigrid
78600,BW-Sigrid
78601,BW-Sigrid
78603,BW-Sigrid
78604,BW-Sigrid
78606,BW-Sigrid
78607,BW-Sigrid
78609,BW-Sigrid
78628,BW-Sigrid
78647,BW-Sigrid
78652,BW-Sigrid
78655,BW-Sigrid
78658,BW-Sigrid
78661,BW-Sigrid
78662,BW-Sigrid
78664,BW-Sigrid
78665,BW-Sigrid
78667,BW-Sigrid
78669,BW-Sigrid
78713,BW-Sigrid
78727,BW-Sigrid
78730,BW-Sigrid
78733,BW-Sigrid
78736,BW-Sigrid
78737,BW-Sigrid
78739,BW-Sigrid
79098,BW-Sigrid
79100,BW-Sigrid
79102,BW-Sigrid
79104,BW-Sigrid
79106,BW-Sigrid
79108,BW-Sigrid
79110,BW-Sigrid
79111,BW-Sigrid
79112,BW-Sigrid
79114,BW-Sigrid
79115,BW-Sigrid
79117,BW-Sigrid
79183,BW-Sigrid
79189,BW-Sigrid
79194,BW-Sigrid
79199,BW-Sigrid
79206,BW-Sigrid
79211,BW-Sigrid
79215,BW-Sigrid
79219,BW-Sigrid
79224,BW-Sigrid
79227,BW-Sigrid
79232,BW-Sigrid
79235,BW-Sigrid
79238,BW-Sigrid
79241,BW-Sigrid
79244,BW-Sigrid
79249,BW-Sigrid
79252,BW-Sigrid
79254,BW-Sigrid
79256,BW-Sigrid
79258,BW-Sigrid
79261,BW-Sigrid
79263,BW-Sigrid
79268,BW-Sigrid
79271,BW-Sigrid
79274,BW-Sigrid
79276,BW-Sigrid
79279,BW-Sigrid
79280,BW-Sigrid
79282,BW-Sigrid
79283,BW-Sigrid
79285,BW-Sigrid
79286,BW-Sigrid
79288,BW-Sigrid
79289,BW-Sigrid
79291,BW-Sigrid
79292,BW-Sigrid
79294,BW-Sigrid
79295,BW-Sigrid
79297,BW-Sigrid
79299,BW-Sigrid
79312,BW-Sigrid
79331,BW-Sigrid
79336,BW-Sigrid
79341,BW-Sigrid
79346,BW-Sigrid
79348,BW-Sigrid
79350,BW-Sigrid
79353,BW-Sigrid
79356,BW-Sigrid
79359,BW-Sigrid
79361,BW-Sigrid
79362,BW-Sigrid
79364,BW-Sigrid
79365,BW-Sigrid
79367,BW-Sigrid
79369,BW-Sigrid
79379,BW-Sigrid
79395,BW-Sigrid
79400,BW-Sigrid
79410,BW-Sigrid
79415,BW-Sigrid
79418,BW-Sigrid
79423,BW-Sigrid
79424,BW-Sigrid
79426,BW-Sigrid
79427,BW-Sigrid
79429,BW-Sigrid
79513,BW-Sigrid
79539,BW-Sigrid
79540,BW-Sigrid
79541,BW-Sigrid
79576,BW-Sigrid
79585,BW-Sigrid
79588,BW-Sigrid
79589,BW-Sigrid
79591,BW-Sigrid
79592,BW-Sigrid
79594,BW-Sigrid
79595,BW-Sigrid
79597,BW-Sigrid
79599,BW-Sigrid
79618,BW-Sigrid
79639,BW-Sigrid
79650,BW-Sigrid
79664,BW-Sigrid
79669,BW-Sigrid
79674,BW-Sigrid
79677,BW-Sigrid
79682,BW-Sigrid
79683,BW-Sigrid
79685,BW-Sigrid
79686,BW-Sigrid
79688,BW-Sigrid
79689,BW-Sigrid
79691,BW-Sigrid
79692,BW-Sigrid
79694,BW-Sigrid
79695,BW-Sigrid
79697,BW-Sigrid
79699,BW-Sigrid
79713,BW-Sigrid
79725,BW-Sigrid
79730,BW-Sigrid
79733,BW-Sigrid
79736,BW-Sigrid
79737,BW-Sigrid
79739,BW-Sigrid
79761,BW-Sigrid
79771,BW-Sigrid
79774,BW-Sigrid
79777,BW-Sigrid
79780,BW-Sigrid
79787,BW-Sigrid
79790,BW-Sigrid
79793,BW-Sigrid
79798,BW-Sigrid
79801,BW-Sigrid
79802,BW-Sigrid
79804,BW-Sigrid
79805,BW-Sigrid
79807,BW-Sigrid
79809,BW-Sigrid
79822,BW-Sigrid
79837,BW-Sigrid
79843,BW-Sigrid
79848,BW-Sigrid
79853,BW-Sigrid
79856,BW-Sigrid
79859,BW-Sigrid
79862,BW-Sigrid
79865,BW-Sigrid
79868,BW-Sigrid
79871,BW-Sigrid
79872,BW-Sigrid
79874,BW-Sigrid
79875,BW-Sigrid
79877,BW-Sigrid
79879,BW-Sigrid
88045,BW-Sigrid
88046,BW-Sigrid
88048,BW-Sigrid
88069,BW-Sigrid
88074,BW-Sigrid
88079,BW-Sigrid
88085,BW-Sigrid
88090,BW-Sigrid
88094,BW-Sigrid
88097,BW-Sigrid
88099,BW-Sigrid
88147,BW-Sigrid
88212,BW-Sigrid
88213,BW-Sigrid
88214,BW-Sigrid
88239,BW-Sigrid
88250,BW-Sigrid
88255,BW-Sigrid
88260,BW-Sigrid
88263,BW-Sigrid
88267,BW-Sigrid
88271,BW-Sigrid
88273,BW-Sigrid
88276,BW-Sigrid
88279,BW-Sigrid
88281,BW-Sigrid
88284,BW-Sigrid
88285,BW-Sigrid
88287,BW-Sigrid
88289,BW-Sigrid
88299,BW-Sigrid
88316,BW-Sigrid
88317,BW-Sigrid
88319,BW-Sigrid
88326,BW-Sigrid
88339,BW-Sigrid
88348,BW-Sigrid
88353,BW-Sigrid
88356,BW-Sigrid
88361,BW-Sigrid
88364,BW-Sigrid
88367,BW-Sigrid
88368,BW-Sigrid
88370,BW-Sigrid
88371,BW-Sigrid
88373,BW-Sigrid
88374,BW-Sigrid
88376,BW-Sigrid
88377,BW-Sigrid
88379,BW-Sigrid
88400,BW-Sigrid
88410,BW-Sigrid
88416,BW-Sigrid
88422,BW-Sigrid
88427,BW-Sigrid
88430,BW-Sigrid
88433,BW-Sigrid
88436,BW-Sigrid
88437,BW-Sigrid
88441,BW-Sigrid
88444,BW-Sigrid
88447,BW-Sigrid
88448,BW-Sigrid
88450,BW-Sigrid
88451,BW-Sigrid
88453,BW-Sigrid
88454,BW-Sigrid
88456,BW-Sigrid
88457,BW-Sigrid
88459,BW-Sigrid
88471,BW-Sigrid
88477,BW-Sigrid
88480,BW-Sigrid
88481,BW-Sigrid
88483,BW-Sigrid
88484,BW-Sigrid
88486,BW-Sigrid
88487,BW-Sigrid
88489,BW-Sigrid
88499,BW-Sigrid
88512,BW-Sigrid
88515,BW-Sigrid
88518,BW-Sigrid
88521,BW-Sigrid
88524,BW-Sigrid
88525,BW-Sigrid
88527,BW-Sigrid
88529,BW-Sigrid
88605,BW-Sigrid
88630,BW-Sigrid
88631,BW-Sigrid
88633,BW-Sigrid
88634,BW-Sigrid
88636,BW-Sigrid
88637,BW-Sigrid
88639,BW-Sigrid
88662,BW-Sigrid
88677,BW-Sigrid
88682,BW-Sigrid
88690,BW-Sigrid
88693,BW-Sigrid
88696,BW-Sigrid
88697,BW-Sigrid
88699,BW-Sigrid
88709,BW-Sigrid
88718,BW-Sigrid
88719,BW-Sigrid
89073,BW-Sigrid
89075,BW-Sigrid
89077,BW-Sigrid
89079,BW-Sigrid
89081,BW-Sigrid
89129,BW-Sigrid
89134,BW-Sigrid
89143,BW-Sigrid
89150,BW-Sigrid
89155,BW-Sigrid
89160,BW-Sigrid
89165,BW-Sigrid
89168,BW-Sigrid
89171,BW-Sigrid
89173,BW-Sigrid
89174,BW-Sigrid
89176,BW-Sigrid
89177,BW-Sigrid
89179,BW-Sigrid
89180,BW-Sigrid
89182,BW-Sigrid
89183,BW-Sigrid
89185,BW-Sigrid
89186,BW-Sigrid
89188,BW-Sigrid
89189,BW-Sigrid
89191,BW-Sigrid
89192,BW-Sigrid
89194,BW-Sigrid
89195,BW-Sigrid
89197,BW-Sigrid
89198,BW-Sigrid
89518,BW-Sigrid
89520,BW-Sigrid
89522,BW-Sigrid
89537,BW-Sigrid
89542,BW-Sigrid
89547,BW-Sigrid
89551,BW-Sigrid
89555,BW-Sigrid
89558,BW-Sigrid
89561,BW-Sigrid
89564,BW-Sigrid
89567,BW-Sigrid
89568,BW-Sigrid
89584,BW-Sigrid
89597,BW-Sigrid
89601,BW-Sigrid
89604,BW-Sigrid
89605,BW-Sigrid
89607,BW-Sigrid
89608,BW-Sigrid
89610,BW-Sigrid
89611,BW-Sigrid
89613,BW-Sigrid
89614,BW-Sigrid
89616,BW-Sigrid
89617,BW-Sigrid
89619,BW-Sigrid
97877,BW-Sigrid
97896,BW-Sigrid
97900,BW-Sigrid
97922,BW-Sigrid
97941,BW-Sigrid
97944,BW-Sigrid
97947,BW-Sigrid
97950,BW-Sigrid
97953,BW-Sigrid
97956,BW-Sigrid
97957,BW-Sigrid
97959,BW-Sigrid
97980,BW-Sigrid
97990,BW-Sigrid
97993,BW-Sigrid
97996,BW-Sigrid
97999,BW-Sigrid
63739,BY-Max
63741,BY-Max
63743,BY-Max
63755,BY-Max
63762,BY-Max
63768,BY-Max
63773,BY-Max
63776,BY-Max
63785,BY-Max
63791,BY-Max
63796,BY-Max
63801,BY-Max
63808,BY-Max
63811,BY-Max
63814,BY-Max
63820,BY-Max
63825,BY-Max
63826,BY-Max
63828,BY-Max
63829,BY-Max
63831,BY-Max
63834,BY-Max
63839,BY-Max
63840,BY-Max
63843,BY-Max
63846,BY-Max
63849,BY-Max
63853,BY-Max
63856,BY-Max
63857,BY-Max
63860,BY-Max
63863,BY-Max
63864,BY-Max
63867,BY-Max
63868,BY-Max
63869,BY-Max
63871,BY-Max
63872,BY-Max
63874,BY-Max
63875,BY-Max
63877,BY-Max
63879,BY-Max
63897,BY-Max
63906,BY-Max
63911,BY-Max
63916,BY-Max
63920,BY-Max
63924,BY-Max
63925,BY-Max
63927,BY-Max
63928,BY-Max
63930,BY-Max
63931,BY-Max
63933,BY-Max
63934,BY-Max
63936,BY-Max
63937,BY-Max
63939,BY-Max
74594,BY-Max
80331,BY-Max
80333,BY-Max
80335,BY-Max
80336,BY-Max
80337,BY-Max
80339,BY-Max
80469,BY-Max
80538,BY-Max
80539,BY-Max
80634,BY-Max
80636,BY-Max
80637,BY-Max
80638,BY-Max
80639,BY-Max
80686,BY-Max
80687,BY-Max
80689,BY-Max
80796,BY-Max
80797,BY-Max
80798,BY-Max
80799,BY-Max
80801,BY-Max
80802,BY-Max
80803,BY-Max
80804,BY-Max
80805,BY-Max
80807,BY-Max
80809,BY-Max
80933,BY-Max
80935,BY-Max
80937,BY-Max
80939,BY-Max
80992,BY-Max
80993,BY-Max
80995,BY-Max
80997,BY-Max
80999,BY-Max
81241,BY-Max
81243,BY-Max
81245,BY-Max
81247,BY-Max
81249,BY-Max
81369,BY-Max
81371,BY-Max
81373,BY-Max
81375,BY-Max
81377,BY-Max
81379,BY-Max
81475,BY-Max
81476,BY-Max
81477,BY-Max
81479,BY-Max
81539,BY-Max
81541,BY-Max
81543,BY-Max
81545,BY-Max
81547,BY-Max
81549,BY-Max
81667,BY-Max
81669,BY-Max
81671,BY-Max
81673,BY-Max
81675,BY-Max
81677,BY-Max
81679,BY-Max
81735,BY-Max
81737,BY-Max
81739,BY-Max
81825,BY-Max
81827,BY-Max
81829,BY-Max
81925,BY-Max
81927,BY-Max
81929,BY-Max
82008,BY-Max
82024,BY-Max
82031,BY-Max
82032,BY-Max
82041,BY-Max
82049,BY-Max
82054,BY-Max
82057,BY-Max
82061,BY-Max
82064,BY-Max
82065,BY-Max
82067,BY-Max
82069,BY-Max
82110,BY-Max
82131,BY-Max
82140,BY-Max
82152,BY-Max
82166,BY-Max
82178,BY-Max
82194,BY-Max
82205,BY-Max
82211,BY-Max
82216,BY-Max
82223,BY-Max
82229,BY-Max
82234,BY-Max
82237,BY-Max
82239,BY-Max
82256,BY-Max
82266,BY-Max
82269,BY-Max
82272,BY-Max
82275,BY-Max
82276,BY-Max
82278,BY-Max
82279,BY-Max
82281,BY-Max
82282,BY-Max
82284,BY-Max
82285,BY-Max
82287,BY-Max
82288,BY-Max
82290,BY-Max
82291,BY-Max
82293,BY-Max
82294,BY-Max
82296,BY-Max
82297,BY-Max
82299,BY-Max
82319,BY-Max
82327,BY-Max
82335,BY-Max
82340,BY-Max
82343,BY-Max
82346,BY-Max
82347,BY-Max
82349,BY-Max
82362,BY-Max
82377,BY-Max
82380,BY-Max
82383,BY-Max
82386,BY-Max
82387,BY-Max
82389,BY-Max
82390,BY-Max
82392,BY-Max
82393,BY-Max
82395,BY-Max
82396,BY-Max
82398,BY-Max
82399,BY-Max
82401,BY-Max
82402,BY-Max
82404,BY-Max
82405,BY-Max
82407,BY-Max
82409,BY-Max
82418,BY-Max
82431,BY-Max
82432,BY-Max
82433,BY-Max
82435,BY-Max
82436,BY-Max
82438,BY-Max
82439,BY-Max
82441,BY-Max
82442,BY-Max
82444,BY-Max
82445,BY-Max
82447,BY-Max
82449,BY-Max
82467,BY-Max
82481,BY-Max
82487,BY-Max
82488,BY-Max
82490,BY-Max
82491,BY-Max
82493,BY-Max
82494,BY-Max
82496,BY-Max
82497,BY-Max
82499,BY-Max
82515,BY-Max
82538,BY-Max
82541,BY-Max
82544,BY-Max
82547,BY-Max
82549,BY-Max
83022,BY-Max
83024,BY-Max
83026,BY-Max
83043,BY-Max
83052,BY-Max
83059,BY-Max
83064,BY-Max
83071,BY-Max
83075,BY-Max
83080,BY-Max
83083,BY-Max
83088,BY-Max
83093,BY-Max
83098,BY-Max
83101,BY-Max
83104,BY-Max
83109,BY-Max
83112,BY-Max
83115,BY-Max
83119,BY-Max
83122,BY-Max
83123,BY-Max
83125,BY-Max
83126,BY-Max
83128,BY-Max
83129,BY-Max
83131,BY-Max
83132,BY-Max
83134,BY-Max
83135,BY-Max
83137,BY-Max
83139,BY-Max
83209,BY-Max
83224,BY-Max
83229,BY-Max
83233,BY-Max
83236,BY-Max
83242,BY-Max
83246,BY-Max
83250,BY-Max
83253,BY-Max
83254,BY-Max
83256,BY-Max
83257,BY-Max
83259,BY-Max
83278,BY-Max
83301,BY-Max
83308,BY-Max
83313,BY-Max
83317,BY-Max
83324,BY-Max
83329,BY-Max
83334,BY-Max
83339,BY-Max
83342,BY-Max
83346,BY-Max
83349,BY-Max
83352,BY-Max
83355,BY-Max
83358,BY-Max
83359,BY-Max
83361,BY-Max
83362,BY-Max
83364,BY-Max
83365,BY-Max
83367,BY-Max
83368,BY-Max
83370,BY-Max
83371,BY-Max
83373,BY-Max
83374,BY-Max
83376,BY-Max
83377,BY-Max
83379,BY-Max
83395,BY-Max
83404,BY-Max
83410,BY-Max
83413,BY-Max
83416,BY-Max
83417,BY-Max
83435,BY-Max
83451,BY-Max
83454,BY-Max
83457,BY-Max
83458,BY-Max
83471,BY-Max
83483,BY-Max
83486,BY-Max
83487,BY-Max
83489,BY-Max
83512,BY-Max
83527,BY-Max
83530,BY-Max
83533,BY-Max
83536,BY-Max
83539,BY-Max
83543,BY-Max
83544,BY-Max
83546,BY-Max
83547,BY-Max
83549,BY-Max
83550,BY-Max
83552,BY-Max
83553,BY-Max
83555,BY-Max
83556,BY-Max
83558,BY-Max
83559,BY-Max
83561,BY-Max
83562,BY-Max
83564,BY-Max
83565,BY-Max
83567,BY-Max
83569,BY-Max
83607,BY-Max
83620,BY-Max
83623,BY-Max
83624,BY-Max
83626,BY-Max
83627,BY-Max
83629,BY-Max
83646,BY-Max
83661,BY-Max
83666,BY-Max
83670,BY-Max
83671,BY-Max
83673,BY-Max
83674,BY-Max
83676,BY-Max
83677,BY-Max
83679,BY-Max
83684,BY-Max
83700,BY-Max
83703,BY-Max
83707,BY-Max
83708,BY-Max
83714,BY-Max
83727,BY-Max
83730,BY-Max
83734,BY-Max
83735,BY-Max
83737,BY-Max
83739,BY-Max
84028,BY-Max
84030,BY-Max
84032,BY-Max
84034,BY-Max
84036,BY-Max
84048,BY-Max
84051,BY-Max
84056,BY-Max
84061,BY-Max
84066,BY-Max
84069,BY-Max
84072,BY-Max
84076,BY-Max
84079,BY-Max
84082,BY-Max
84085,BY-Max
84088,BY-Max
84089,BY-Max
84091,BY-Max
84092,BY-Max
84094,BY-Max
84095,BY-Max
84097,BY-Max
84098,BY-Max
84100,BY-Max
84101,BY-Max
84103,BY-Max
84104,BY-Max
84106,BY-Max
84107,BY-Max
84109,BY-Max
84130,BY-Max
84137,BY-Max
84140,BY-Max
84144,BY-Max
84149,BY-Max
84152,BY-Max
84155,BY-Max
84160,BY-Max
84163,BY-Max
84164,BY-Max
84166,BY-Max
84168,BY-Max
84169,BY-Max
84171,BY-Max
84172,BY-Max
84174,BY-Max
84175,BY-Max
84177,BY-Max
84178,BY-Max
84180,BY-Max
84181,BY-Max
84183,BY-Max
84184,BY-Max
84186,BY-Max
84187,BY-Max
84189,BY-Max
84307,BY-Max
84323,BY-Max
84326,BY-Max
84329,BY-Max
84332,BY-Max
84333,BY-Max
84335,BY-Max
84337,BY-Max
84339,BY-Max
84347,BY-Max
84359,BY-Max
84364,BY-Max
84367,BY-Max
84371,BY-Max
84375,BY-Max
84378,BY-Max
84381,BY-Max
84384,BY-Max
84385,BY-Max
84387,BY-Max
84389,BY-Max
84405,BY-Max
84416,BY-Max
84419,BY-Max
84424,BY-Max
84427,BY-Max
84428,BY-Max
84431,BY-Max
84432,BY-Max
84434,BY-Max
84435,BY-Max
84437,BY-Max
84439,BY-Max
84453,BY-Max
84478,BY-Max
84489,BY-Max
84494,BY-Max
84503,BY-Max
84508,BY-Max
84513,BY-Max
84518,BY-Max
84524,BY-Max
84529,BY-Max
84533,BY-Max
84539,BY-Max
84543,BY-Max
84544,BY-Max
84546,BY-Max
84547,BY-Max
84549,BY-Max
84550,BY-Max
84552,BY-Max
84553,BY-Max
84555,BY-Max
84556,BY-Max
84558,BY-Max
84559,BY-Max
84561,BY-Max
84562,BY-Max
84564,BY-Max
84565,BY-Max
84567,BY-Max
84568,BY-Max
84570,BY-Max
84571,BY-Max
84573,BY-Max
84574,BY-Max
84576,BY-Max
84577,BY-Max
84579,BY-Max
85049,BY-Max
85051,BY-Max
85053,BY-Max
85055,BY-Max
85057,BY-Max
85072,BY-Max
85077,BY-Max
85080,BY-Max
85084,BY-Max
85088,BY-Max
85092,BY-Max
85095,BY-Max
85098,BY-Max
85101,BY-Max
85104,BY-Max
85107,BY-Max
85110,BY-Max
85111,BY-Max
85113,BY-Max
85114,BY-Max
85116,BY-Max
85117,BY-Max
85119,BY-Max
85120,BY-Max
85122,BY-Max
85123,BY-Max
85125,BY-Max
85126,BY-Max
85128,BY-Max
85129,BY-Max
85131,BY-Max
85132,BY-Max
85134,BY-Max
85135,BY-Max
85137,BY-Max
85139,BY-Max
85221,BY-Max
85229,BY-Max
85232,BY-Max
85235,BY-Max
85238,BY-Max
85241,BY-Max
85244,BY-Max
85247,BY-Max
85250,BY-Max
85253,BY-Max
85254,BY-Max
85256,BY-Max
85258,BY-Max
85259,BY-Max
85276,BY-Max
85283,BY-Max
85290,BY-Max
85293,BY-Max
85296,BY-Max
85298,BY-Max
85301,BY-Max
85302,BY-Max
85304,BY-Max
85305,BY-Max
85307,BY-Max
85309,BY-Max
85354,BY-Max
85356,BY-Max
85368,BY-Max
85375,BY-Max
85376,BY-Max
85386,BY-Max
85391,BY-Max
85395,BY-Max
85399,BY-Max
85402,BY-Max
85405,BY-Max
85406,BY-Max
85408,BY-Max
85410,BY-Max
85411,BY-Max
85413,BY-Max
85414,BY-Max
85416,BY-Max
85417,BY-Max
85419,BY-Max
85435,BY-Max
85445,BY-Max
85447,BY-Max
85452,BY-Max
85456,BY-Max
85457,BY-Max
85459,BY-Max
85461,BY-Max
85462,BY-Max
85464,BY-Max
85465,BY-Max
85467,BY-Max
85469,BY-Max
85521,BY-Max
85540,BY-Max
85551,BY-Max
85560,BY-Max
85567,BY-Max
85570,BY-Max
85579,BY-Max
85586,BY-Max
85591,BY-Max
85598,BY-Max
85599,BY-Max
85604,BY-Max
85609,BY-Max
85614,BY-Max
85617,BY-Max
85622,BY-Max
85625,BY-Max
85630,BY-Max
85635,BY-Max
85640,BY-Max
85643,BY-Max
85646,BY-Max
85649,BY-Max
85652,BY-Max
85653,BY-Max
85655,BY-Max
85656,BY-Max
85658,BY-Max
85659,BY-Max
85661,BY-Max
85662,BY-Max
85664,BY-Max
85665,BY-Max
85667,BY-Max
85669,BY-Max
85716,BY-Max
85737,BY-Max
85748,BY-Max
85757,BY-Max
85764,BY-Max
85774,BY-Max
85777,BY-Max
85778,BY-Max
86150,BY-Julia
86152,BY-Julia
86153,BY-Julia
86154,BY-Julia
86156,BY-Julia
86157,BY-Julia
86159,BY-Julia
86161,BY-Julia
86163,BY-Julia
86165,BY-Julia
86167,BY-Julia
86169,BY-Julia
86179,BY-Julia
86199,BY-Julia
86316,BY-Julia
86343,BY-Julia
86356,BY-Julia
86368,BY-Julia
86381,BY-Julia
86391,BY-Julia
86399,BY-Julia
86405,BY-Julia
86415,BY-Julia
86420,BY-Julia
86424,BY-Julia
86438,BY-Julia
86441,BY-Julia
86444,BY-Julia
86447,BY-Julia
86450,BY-Julia
86453,BY-Julia
86456,BY-Julia
86459,BY-Julia
86462,BY-Julia
86465,BY-Julia
86470,BY-Julia
86473,BY-Julia
86476,BY-Julia
86477,BY-Julia
86479,BY-Julia
86480,BY-Julia
86482,BY-Julia
86483,BY-Julia
86485,BY-Julia
86486,BY-Julia
86488,BY-Julia
86489,BY-Julia
86491,BY-Julia
86492,BY-Julia
86494,BY-Julia
86495,BY-Julia
86497,BY-Julia
86498,BY-Julia
86500,BY-Julia
86502,BY-Julia
86504,BY-Julia
86505,BY-Julia
86507,BY-Julia
86508,BY-Julia
86510,BY-Julia
86511,BY-Julia
86513,BY-Julia
86514,BY-Julia
86517,BY-Julia
86519,BY-Julia
86529,BY-Julia
86551,BY-Julia
86554,BY-Julia
86556,BY-Julia
86558,BY-Julia
86559,BY-Julia
86561,BY-Julia
86562,BY-Julia
86564,BY-Julia
86565,BY-Julia
86567,BY-Julia
86568,BY-Julia
86570,BY-Julia
86571,BY-Julia
86573,BY-Julia
86574,BY-Julia
86576,BY-Julia
86577,BY-Julia
86579,BY-Julia
86609,BY-Julia
86633,BY-Julia
86637,BY-Julia
86641,BY-Julia
86643,BY-Julia
86647,BY-Julia
86650,BY-Julia
86653,BY-Julia
86655,BY-Julia
86657,BY-Julia
86660,BY-Julia
86663,BY-Julia
86666,BY-Julia
86668,BY-Julia
86669,BY-Julia
86672,BY-Julia
86673,BY-Julia
86674,BY-Julia
86675,BY-Julia
86676,BY-Julia
86678,BY-Julia
86679,BY-Julia
86681,BY-Julia
86682,BY-Julia
86684,BY-Julia
86685,BY-Julia
86687,BY-Julia
86688,BY-Julia
86690,BY-Julia
86692,BY-Julia
86694,BY-Julia
86695,BY-Julia
86697,BY-Julia
86698,BY-Julia
86700,BY-Julia
86701,BY-Julia
86703,BY-Julia
86704,BY-Julia
86706,BY-Julia
86707,BY-Julia
86709,BY-Julia
86720,BY-Julia
86732,BY-Julia
86733,BY-Julia
86735,BY-Julia
86736,BY-Julia
86738,BY-Julia
86739,BY-Julia
86741,BY-Julia
86742,BY-Julia
86744,BY-Julia
86745,BY-Julia
86747,BY-Julia
86748,BY-Julia
86750,BY-Julia
86751,BY-Julia
86753,BY-Julia
86754,BY-Julia
86756,BY-Julia
86757,BY-Julia
86759,BY-Julia
86807,BY-Julia
86825,BY-Julia
86830,BY-Julia
86833,BY-Julia
86836,BY-Julia
86842,BY-Julia
86845,BY-Julia
86850,BY-Julia
86853,BY-Julia
86854,BY-Julia
86856,BY-Julia
86857,BY-Julia
86859,BY-Julia
86860,BY-Julia
86862,BY-Julia
86863,BY-Julia
86865,BY-Julia
86866,BY-Julia
86868,BY-Julia
86869,BY-Julia
86871,BY-Julia
86872,BY-Julia
86874,BY-Julia
86875,BY-Julia
86877,BY-Julia
86879,BY-Julia
86899,BY-Julia
86911,BY-Julia
86916,BY-Julia
86919,BY-Julia
86920,BY-Julia
86922,BY-Julia
86923,BY-Julia
86925,BY-Julia
86926,BY-Julia
86928,BY-Julia
86929,BY-Julia
86931,BY-Julia
86932,BY-Julia
86934,BY-Julia
86935,BY-Julia
86937,BY-Julia
86938,BY-Julia
86940,BY-Julia
86941,BY-Julia
86943,BY-Julia
86944,BY-Julia
86946,BY-Julia
86947,BY-Julia
86949,BY-Julia
86956,BY-Julia
86971,BY-Julia
86972,BY-Julia
86974,BY-Julia
86975,BY-Julia
86977,BY-Julia
86978,BY-Julia
86980,BY-Julia
86981,BY-Julia
86983,BY-Julia
86984,BY-Julia
86986,BY-Julia
86987,BY-Julia
86989,BY-Julia
87435,BY-Julia
87437,BY-Julia
87439,BY-Julia
87448,BY-Julia
87452,BY-Julia
87459,BY-Julia
87463,BY-Julia
87466,BY-Julia
87471,BY-Julia
87474,BY-Julia
87477,BY-Julia
87480,BY-Julia
87484,BY-Julia
87487,BY-Julia
87488,BY-Julia
87490,BY-Julia
87493,BY-Julia
87494,BY-Julia
87496,BY-Julia
87497,BY-Julia
87499,BY-Julia
87509,BY-Julia
87527,BY-Julia
87534,BY-Julia
87538,BY-Julia
87541,BY-Julia
87544,BY-Julia
87545,BY-Julia
87547,BY-Julia
87549,BY-Julia
87561,BY-Julia
87600,BY-Julia
87616,BY-Julia
87629,BY-Julia
87634,BY-Julia
87637,BY-Julia
87640,BY-Julia
87642,BY-Julia
87645,BY-Julia
87647,BY-Julia
87648,BY-Julia
87650,BY-Julia
87651,BY-Julia
87653,BY-Julia
87654,BY-Julia
87656,BY-Julia
87657,BY-Julia
87659,BY-Julia
87660,BY-Julia
87662,BY-Julia
87663,BY-Julia
87665,BY-Julia
87666,BY-Julia
87668,BY-Julia
87669,BY-Julia
87671,BY-Julia
87672,BY-Julia
87674,BY-Julia
87675,BY-Julia
87677,BY-Julia
87679,BY-Julia
87700,BY-Julia
87719,BY-Julia
87724,BY-Julia
87727,BY-Julia
87730,BY-Julia
87733,BY-Julia
87734,BY-Julia
87736,BY-Julia
87737,BY-Julia
87739,BY-Julia
87740,BY-Julia
87742,BY-Julia
87743,BY-Julia
87745,BY-Julia
87746,BY-Julia
87748,BY-Julia
87749,BY-Julia
87751,BY-Julia
87752,BY-Julia
87754,BY-Julia
87755,BY-Julia
87757,BY-Julia
87758,BY-Julia
87760,BY-Julia
87761,BY-Julia
87763,BY-Julia
87764,BY-Julia
87766,BY-Julia
87767,BY-Julia
87769,BY-Julia
87770,BY-Julia
87772,BY-Julia
87773,BY-Julia
87775,BY-Julia
87776,BY-Julia
87778,BY-Julia
87779,BY-Julia
87781,BY-Julia
87782,BY-Julia
87784,BY-Julia
87785,BY-Julia
87787,BY-Julia
87789,BY-Julia
88131,BY-Julia
88138,BY-Julia
88142,BY-Julia
88145,BY-Julia
88149,BY-Julia
88161,BY-Julia
88167,BY-Julia
88171,BY-Julia
88175,BY-Julia
88178,BY-Julia
88179,BY-Julia
89231,BY-Julia
89233,BY-Julia
89250,BY-Julia
89257,BY-Julia
89264,BY-Julia
89269,BY-Julia
89275,BY-Julia
89278,BY-Julia
89281,BY-Julia
89284,BY-Julia
89287,BY-Julia
89290,BY-Julia
89291,BY-Julia
89293,BY-Julia
89294,BY-Julia
89296,BY-Julia
89297,BY-Julia
89299,BY-Julia
89312,BY-Julia
89331,BY-Julia
89335,BY-Julia
89340,BY-Julia
89343,BY-Julia
89344,BY-Julia
89346,BY-Julia
89347,BY-Julia
89349,BY-Julia
89350,BY-Julia
89352,BY-Julia
89353,BY-Julia
89355,BY-Julia
89356,BY-Julia
89358,BY-Julia
89359,BY-Julia
89361,BY-Julia
89362,BY-Julia
89364,BY-Julia
89365,BY-Julia
89367,BY-Julia
89368,BY-Julia
89407,BY-Julia
89415,BY-Julia
89420,BY-Julia
89423,BY-Julia
89426,BY-Julia
89428,BY-Julia
89429,BY-Julia
89431,BY-Julia
89432,BY-Julia
89434,BY-Julia
89435,BY-Julia
89437,BY-Julia
89438,BY-Julia
89440,BY-Julia
89441,BY-Julia
89443,BY-Julia
89444,BY-Julia
89446,BY-Julia
89447,BY-Julia
89449,BY-Julia
90402,BY-Max
90403,BY-Max
90408,BY-Max
90409,BY-Max
90411,BY-Max
90419,BY-Max
90425,BY-Max
90427,BY-Max
90429,BY-Max
90431,BY-Max
90439,BY-Max
90441,BY-Max
90443,BY-Max
90449,BY-Max
90451,BY-Max
90453,BY-Max
90455,BY-Max
90457,BY-Max
90459,BY-Max
90461,BY-Max
90469,BY-Max
90471,BY-Max
90473,BY-Max
90475,BY-Max
90478,BY-Max
90480,BY-Max
90482,BY-Max
90489,BY-Max
90491,BY-Max
90513,BY-Max
90518,BY-Max
90522,BY-Max
90530,BY-Max
90537,BY-Max
90542,BY-Max
90547,BY-Max
90552,BY-Max
90556,BY-Max
90559,BY-Max
90562,BY-Max
90571,BY-Max
90574,BY-Max
90579,BY-Max
90584,BY-Max
90587,BY-Max
90592,BY-Max
90596,BY-Max
90599,BY-Max
90602,BY-Max
90607,BY-Max
90610,BY-Max
90613,BY-Max
90614,BY-Max
90616,BY-Max
90617,BY-Max
90619,BY-Max
90762,BY-Max
90763,BY-Max
90765,BY-Max
90766,BY-Max
90768,BY-Max
91052,BY-Max
91054,BY-Max
91056,BY-Max
91058,BY-Max
91074,BY-Max
91077,BY-Max
91080,BY-Max
91083,BY-Max
91085,BY-Max
91086,BY-Max
91088,BY-Max
91090,BY-Max
91091,BY-Max
91093,BY-Max
91094,BY-Max
91096,BY-Max
91097,BY-Max
91099,BY-Max
91126,BY-Max
91154,BY-Max
91161,BY-Max
91166,BY-Max
91171,BY-Max
91174,BY-Max
91177,BY-Max
91180,BY-Max
91183,BY-Max
91186,BY-Max
91187,BY-Max
91189,BY-Max
91207,BY-Max
91217,BY-Max
91220,BY-Max
91224,BY-Max
91227,BY-Max
91230,BY-Max
91233,BY-Max
91235,BY-Max
91236,BY-Max
91238,BY-Max
91239,BY-Max
91241,BY-Max
91242,BY-Max
91244,BY-Max
91245,BY-Max
91247,BY-Max
91249,BY-Max
91257,BY-Max
91275,BY-Max
91278,BY-Max
91281,BY-Max
91282,BY-Max
91284,BY-Max
91286,BY-Max
91287,BY-Max
91289,BY-Max
91301,BY-Max
91315,BY-Max
91320,BY-Max
91322,BY-Max
91325,BY-Max
91327,BY-Max
91330,BY-Max
91332,BY-Max
91334,BY-Max
91336,BY-Max
91338,BY-Max
91341,BY-Max
91344,BY-Max
91346,BY-Max
91347,BY-Max
91349,BY-Max
91350,BY-Max
91352,BY-Max
91353,BY-Max
91355,BY-Max
91356,BY-Max
91358,BY-Max
91359,BY-Max
91361,BY-Max
91362,BY-Max
91364,BY-Max
91365,BY-Max
91367,BY-Max
91369,BY-Max
91413,BY-Max
91438,BY-Max
91443,BY-Max
91448,BY-Max
91452,BY-Max
91456,BY-Max
91459,BY-Max
91460,BY-Max
91462,BY-Max
91463,BY-Max
91465,BY-Max
91466,BY-Max
91468,BY-Max
91469,BY-Max
91471,BY-Max
91472,BY-Max
91474,BY-Max
91475,BY-Max
91477,BY-Max
91478,BY-Max
91480,BY-Max
91481,BY-Max
91483,BY-Max
91484,BY-Max
91486,BY-Max
91487,BY-Max
91489,BY-Max
91522,BY-Max
91541,BY-Max
91550,BY-Max
91555,BY-Max
91560,BY-Max
91564,BY-Max
91567,BY-Max
91572,BY-Max
91575,BY-Max
91578,BY-Max
91580,BY-Max
91583,BY-Max
91586,BY-Max
91587,BY-Max
91589,BY-Max
91590,BY-Max
91592,BY-Max
91593,BY-Max
91595,BY-Max
91596,BY-Max
91598,BY-Max
91599,BY-Max
91601,BY-Max
91602,BY-Max
91604,BY-Max
91605,BY-Max
91607,BY-Max
91608,BY-Max
91610,BY-Max
91611,BY-Max
91613,BY-Max
91614,BY-Max
91616,BY-Max
91617,BY-Max
91619,BY-Max
91620,BY-Max
91622,BY-Max
91623,BY-Max
91625,BY-Max
91626,BY-Max
91628,BY-Max
91629,BY-Max
91631,BY-Max
91632,BY-Max
91634,BY-Max
91635,BY-Max
91637,BY-Max
91639,BY-Max
91710,BY-Max
91717,BY-Max
91719,BY-Max
91720,BY-Max
91722,BY-Max
91723,BY-Max
91725,BY-Max
91726,BY-Max
91728,BY-Max
91729,BY-Max
91731,BY-Max
91732,BY-Max
91734,BY-Max
91735,BY-Max
91737,BY-Max
91738,BY-Max
91740,BY-Max
91741,BY-Max
91743,BY-Max
91744,BY-Max
91746,BY-Max
91747,BY-Max
91749,BY-Max
91757,BY-Max
91781,BY-Max
91785,BY-Max
91788,BY-Max
91790,BY-Max
91792,BY-Max
91793,BY-Max
91795,BY-Max
91796,BY-Max
91798,BY-Max
91799,BY-Max
91801,BY-Max
91802,BY-Max
91804,BY-Max
91805,BY-Max
91807,BY-Max
91809,BY-Max
92224,BY-Max
92237,BY-Max
92242,BY-Max
92245,BY-Max
92249,BY-Max
92253,BY-Max
92256,BY-Max
92259,BY-Max
92260,BY-Max
92262,BY-Max
92263,BY-Max
92265,BY-Max
92266,BY-Max
92268,BY-Max
92269,BY-Max
92271,BY-Max
92272,BY-Max
92274,BY-Max
92275,BY-Max
92277,BY-Max
92278,BY-Max
92280,BY-Max
92281,BY-Max
92283,BY-Max
92284,BY-Max
92286,BY-Max
92287,BY-Max
92289,BY-Max
92318,BY-Max
92331,BY-Max
92334,BY-Max
92339,BY-Max
92342,BY-Max
92345,BY-Max
92348,BY-Max
92353,BY-Max
92355,BY-Max
92358,BY-Max
92360,BY-Max
92361,BY-Max
92363,BY-Max
92364,BY-Max
92366,BY-Max
92367,BY-Max
92369,BY-Max
92421,BY-Max
92431,BY-Max
92436,BY-Max
92439,BY-Max
92442,BY-Max
92444,BY-Max
92445,BY-Max
92447,BY-Max
92449,BY-Max
92507,BY-Max
92521,BY-Max
92526,BY-Max
92533,BY-Max
92536,BY-Max
92539,BY-Max
92540,BY-Max
92542,BY-Max
92543,BY-Max
92545,BY-Max
92546,BY-Max
92548,BY-Max
92549,BY-Max
92551,BY-Max
92552,BY-Max
92554,BY-Max
92555,BY-Max
92557,BY-Max
92559,BY-Max
92637,BY-Max
92648,BY-Max
92655,BY-Max
92660,BY-Max
92665,BY-Max
92670,BY-Max
92676,BY-Max
92681,BY-Max
92685,BY-Max
92690,BY-Max
92693,BY-Max
92694,BY-Max
92696,BY-Max
92697,BY-Max
92699,BY-Max
92700,BY-Max
92702,BY-Max
92703,BY-Max
92705,BY-Max
92706,BY-Max
92708,BY-Max
92709,BY-Max
92711,BY-Max
92712,BY-Max
92714,BY-Max
92715,BY-Max
92717,BY-Max
92718,BY-Max
92720,BY-Max
92721,BY-Max
92723,BY-Max
92724,BY-Max
92726,BY-Max
92727,BY-Max
92729,BY-Max
93047,BY-Max
93049,BY-Max
93051,BY-Max
93053,BY-Max
93055,BY-Max
93057,BY-Max
93059,BY-Max
93073,BY-Max
93077,BY-Max
93080,BY-Max
93083,BY-Max
93086,BY-Max
93087,BY-Max
93089,BY-Max
93090,BY-Max
93092,BY-Max
93093,BY-Max
93095,BY-Max
93096,BY-Max
93098,BY-Max
93099,BY-Max
93101,BY-Max
93102,BY-Max
93104,BY-Max
93105,BY-Max
93107,BY-Max
93109,BY-Max
93128,BY-Max
93133,BY-Max
93138,BY-Max
93142,BY-Max
93149,BY-Max
93152,BY-Max
93155,BY-Max
93158,BY-Max
93161,BY-Max
93164,BY-Max
93167,BY-Max
93170,BY-Max
93173,BY-Max
93176,BY-Max
93177,BY-Max
93179,BY-Max
93180,BY-Max
93182,BY-Max
93183,BY-Max
93185,BY-Max
93186,BY-Max
93188,BY-Max
93189,BY-Max
93191,BY-Max
93192,BY-Max
93194,BY-Max
93195,BY-Max
93197,BY-Max
93199,BY-Max
93309,BY-Max
93326,BY-Max
93333,BY-Max
93336,BY-Max
93339,BY-Max
93342,BY-Max
93343,BY-Max
93345,BY-Max
93346,BY-Max
93348,BY-Max
93349,BY-Max
93351,BY-Max
93352,BY-Max
93354,BY-Max
93356,BY-Max
93358,BY-Max
93359,BY-Max
93413,BY-Max
93426,BY-Max
93437,BY-Max
93444,BY-Max
93449,BY-Max
93453,BY-Max
93455,BY-Max
93458,BY-Max
93462,BY-Max
93464,BY-Max
93466,BY-Max
93468,BY-Max
93470,BY-Max
93471,BY-Max
93473,BY-Max
93474,BY-Max
93476,BY-Max
93477,BY-Max
93479,BY-Max
93480,BY-Max
93482,BY-Max
93483,BY-Max
93485,BY-Max
93486,BY-Max
93488,BY-Max
93489,BY-Max
93491,BY-Max
93492,BY-Max
93494,BY-Max
93495,BY-Max
93497,BY-Max
93499,BY-Max
94032,BY-Max
94034,BY-Max
94036,BY-Max
94051,BY-Max
94060,BY-Max
94065,BY-Max
94072,BY-Max
94078,BY-Max
94081,BY-Max
94086,BY-Max
94089,BY-Max
94094,BY-Max
94099,BY-Max
94104,BY-Max
94107,BY-Max
94110,BY-Max
94113,BY-Max
94116,BY-Max
94118,BY-Max
94121,BY-Max
94124,BY-Max
94127,BY-Max
94130,BY-Max
94133,BY-Max
94136,BY-Max
94137,BY-Max
94139,BY-Max
94140,BY-Max
94142,BY-Max
94143,BY-Max
94145,BY-Max
94146,BY-Max
94148,BY-Max
94149,BY-Max
94151,BY-Max
94152,BY-Max
94154,BY-Max
94155,BY-Max
94157,BY-Max
94158,BY-Max
94160,BY-Max
94161,BY-Max
94163,BY-Max
94164,BY-Max
94166,BY-Max
94167,BY-Max
94169,BY-Max
94209,BY-Max
94227,BY-Max
94234,BY-Max
94239,BY-Max
94244,BY-Max
94249,BY-Max
94250,BY-Max
94252,BY-Max
94253,BY-Max
94255,BY-Max
94256,BY-Max
94258,BY-Max
94259,BY-Max
94261,BY-Max
94262,BY-Max
94264,BY-Max
94265,BY-Max
94267,BY-Max
94269,BY-Max
94315,BY-Max
94327,BY-Max
94330,BY-Max
94333,BY-Max
94336,BY-Max
94339,BY-Max
94342,BY-Max
94344,BY-Max
94345,BY-Max
94347,BY-Max
94348,BY-Max
94350,BY-Max
94351,BY-Max
94353,BY-Max
94354,BY-Max
94356,BY-Max
94357,BY-Max
94359,BY-Max
94360,BY-Max
94362,BY-Max
94363,BY-Max
94365,BY-Max
94366,BY-Max
94368,BY-Max
94369,BY-Max
94371,BY-Max
94372,BY-Max
94374,BY-Max
94375,BY-Max
94377,BY-Max
94379,BY-Max
94405,BY-Max
94419,BY-Max
94424,BY-Max
94428,BY-Max
94431,BY-Max
94436,BY-Max
94437,BY-Max
94439,BY-Max
94447,BY-Max
94469,BY-Max
94474,BY-Max
94481,BY-Max
94486,BY-Max
94491,BY-Max
94496,BY-Max
94501,BY-Max
94505,BY-Max
94508,BY-Max
94513,BY-Max
94518,BY-Max
94522,BY-Max
94526,BY-Max
94527,BY-Max
94529,BY-Max
94530,BY-Max
94532,BY-Max
94533,BY-Max
94535,BY-Max
94536,BY-Max
94538,BY-Max
94539,BY-Max
94541,BY-Max
94542,BY-Max
94544,BY-Max
94545,BY-Max
94547,BY-Max
94548,BY-Max
94550,BY-Max
94551,BY-Max
94553,BY-Max
94554,BY-Max
94556,BY-Max
94557,BY-Max
94559,BY-Max
94560,BY-Max
94562,BY-Max
94563,BY-Max
94565,BY-Max
94566,BY-Max
94568,BY-Max
94569,BY-Max
94571,BY-Max
94572,BY-Max
94574,BY-Max
94575,BY-Max
94577,BY-Max
94579,BY-Max
95028,BY-Max
95030,BY-Max
95032,BY-Max
95100,BY-Max
95111,BY-Max
95119,BY-Max
95126,BY-Max
95131,BY-Max
95138,BY-Max
95145,BY-Max
95152,BY-Max
95158,BY-Max
95163,BY-Max
95168,BY-Max
95173,BY-Max
95176,BY-Max
95179,BY-Max
95180,BY-Max
95182,BY-Max
95183,BY-Max
95185,BY-Max
95186,BY-Max
95188,BY-Max
95189,BY-Max
95191,BY-Max
95192,BY-Max
95194,BY-Max
95195,BY-Max
95197,BY-Max
95199,BY-Max
95213,BY-Max
95233,BY-Max
95234,BY-Max
95236,BY-Max
95237,BY-Max
95239,BY-Max
95326,BY-Max
95336,BY-Max
95339,BY-Max
95346,BY-Max
95349,BY-Max
95352,BY-Max
95355,BY-Max
95356,BY-Max
95358,BY-Max
95359,BY-Max
95361,BY-Max
95362,BY-Max
95364,BY-Max
95365,BY-Max
95367,BY-Max
95369,BY-Max
95444,BY-Max
95445,BY-Max
95447,BY-Max
95448,BY-Max
95460,BY-Max
95463,BY-Max
95466,BY-Max
95469,BY-Max
95473,BY-Max
95478,BY-Max
95482,BY-Max
95485,BY-Max
95488,BY-Max
95490,BY-Max
95491,BY-Max
95493,BY-Max
95494,BY-Max
95496,BY-Max
95497,BY-Max
95499,BY-Max
95500,BY-Max
95502,BY-Max
95503,BY-Max
95505,BY-Max
95506,BY-Max
95508,BY-Max
95509,BY-Max
95511,BY-Max
95512,BY-Max
95514,BY-Max
95515,BY-Max
95517,BY-Max
95519,BY-Max
95615,BY-Max
95632,BY-Max
95643,BY-Max
95652,BY-Max
95659,BY-Max
95666,BY-Max
95671,BY-Max
95676,BY-Max
95679,BY-Max
95680,BY-Max
95682,BY-Max
95683,BY-Max
95685,BY-Max
95686,BY-Max
95688,BY-Max
95689,BY-Max
95691,BY-Max
95692,BY-Max
95694,BY-Max
95695,BY-Max
95697,BY-Max
95698,BY-Max
95700,BY-Max
95701,BY-Max
95703,BY-Max
95704,BY-Max
95706,BY-Max
95707,BY-Max
95709,BY-Max
96047,BY-Max
96049,BY-Max
96050,BY-Max
96052,BY-Max
96103,BY-Max
96106,BY-Max
96110,BY-Max
96114,BY-Max
96117,BY-Max
96120,BY-Max
96123,BY-Max
96126,BY-Max
96129,BY-Max
96132,BY-Max
96135,BY-Max
96138,BY-Max
96142,BY-Max
96145,BY-Max
96146,BY-Max
96148,BY-Max
96149,BY-Max
96151,BY-Max
96152,BY-Max
96154,BY-Max
96155,BY-Max
96157,BY-Max
96158,BY-Max
96160,BY-Max
96161,BY-Max
96163,BY-Max
96164,BY-Max
96166,BY-Max
96167,BY-Max
96169,BY-Max
96170,BY-Max
96172,BY-Max
96173,BY-Max
96175,BY-Max
96176,BY-Max
96178,BY-Max
96179,BY-Max
96181,BY-Max
96182,BY-Max
96184,BY-Max
96185,BY-Max
96187,BY-Max
96188,BY-Max
96190,BY-Max
96191,BY-Max
96193,BY-Max
96194,BY-Max
96196,BY-Max
96197,BY-Max
96199,BY-Max
96215,BY-Max
96224,BY-Max
96231,BY-Max
96237,BY-Max
96242,BY-Max
96247,BY-Max
96250,BY-Max
96253,BY-Max
96257,BY-Max
96260,BY-Max
96264,BY-Max
96268,BY-Max
96269,BY-Max
96271,BY-Max
96272,BY-Max
96274,BY-Max
96275,BY-Max
96277,BY-Max
96279,BY-Max
96317,BY-Max
96328,BY-Max
96332,BY-Max
96337,BY-Max
96342,BY-Max
96346,BY-Max
96349,BY-Max
96352,BY-Max
96355,BY-Max
96358,BY-Max
96361,BY-Max
96364,BY-Max
96365,BY-Max
96367,BY-Max
96369,BY-Max
96450,BY-Max
96465,BY-Max
96472,BY-Max
96476,BY-Max
96479,BY-Max
96482,BY-Max
96484,BY-Max
96486,BY-Max
96487,BY-Max
96489,BY-Max
97070,BY-Max
97072,BY-Max
97074,BY-Max
97076,BY-Max
97078,BY-Max
97080,BY-Max
97082,BY-Max
97084,BY-Max
97199,BY-Max
97204,BY-Max
97209,BY-Max
97215,BY-Max
97218,BY-Max
97222,BY-Max
97225,BY-Max
97228,BY-Max
97230,BY-Max
97232,BY-Max
97234,BY-Max
97236,BY-Max
97237,BY-Max
97239,BY-Max
97241,BY-Max
97243,BY-Max
97244,BY-Max
97246,BY-Max
97247,BY-Max
97249,BY-Max
97250,BY-Max
97252,BY-Max
97253,BY-Max
97255,BY-Max
97256,BY-Max
97258,BY-Max
97259,BY-Max
97261,BY-Max
97262,BY-Max
97264,BY-Max
97265,BY-Max
97267,BY-Max
97268,BY-Max
97270,BY-Max
97271,BY-Max
97273,BY-Max
97274,BY-Max
97276,BY-Max
97277,BY-Max
97279,BY-Max
97280,BY-Max
97282,BY-Max
97283,BY-Max
97285,BY-Max
97286,BY-Max
97288,BY-Max
97289,BY-Max
97291,BY-Max
97292,BY-Max
97294,BY-Max
97295,BY-Max
97297,BY-Max
97299,BY-Max
97318,BY-Max
97320,BY-Max
97332,BY-Max
97334,BY-Max
97337,BY-Max
97340,BY-Max
97342,BY-Max
97346,BY-Max
97348,BY-Max
97350,BY-Max
97353,BY-Max
97355,BY-Max
97357,BY-Max
97359,BY-Max
97412,BY-Max
97421,BY-Max
97422,BY-Max
97424,BY-Max
97437,BY-Max
97440,BY-Max
97447,BY-Max
97450,BY-Max
97453,BY-Max
97456,BY-Max
97461,BY-Max
97464,BY-Max
97469,BY-Max
97475,BY-Max
97478,BY-Max
97483,BY-Max
97486,BY-Max
97488,BY-Max
97490,BY-Max
97491,BY-Max
97493,BY-Max
97494,BY-Max
97496,BY-Max
97497,BY-Max
97499,BY-Max
97500,BY-Max
97502,BY-Max
97503,BY-Max
97505,BY-Max
97506,BY-Max
97508,BY-Max
97509,BY-Max
97511,BY-Max
97513,BY-Max
97514,BY-Max
97516,BY-Max
97517,BY-Max
97519,BY-Max
97520,BY-Max
97522,BY-Max
97523,BY-Max
97525,BY-Max
97526,BY-Max
97528,BY-Max
97529,BY-Max
97531,BY-Max
97532,BY-Max
97534,BY-Max
97535,BY-Max
97537,BY-Max
97539,BY-Max
97616,BY-Max
97618,BY-Max
97631,BY-Max
97633,BY-Max
97638,BY-Max
97640,BY-Max
97645,BY-Max
97647,BY-Max
97650,BY-Max
97653,BY-Max
97654,BY-Max
97656,BY-Max
97657,BY-Max
97659,BY-Max
97688,BY-Max
97702,BY-Max
97705,BY-Max
97708,BY-Max
97711,BY-Max
97714,BY-Max
97717,BY-Max
97720,BY-Max
97723,BY-Max
97724,BY-Max
97725,BY-Max
97727,BY-Max
97729,BY-Max
97737,BY-Max
97753,BY-Max
97762,BY-Max
97769,BY-Max
97772,BY-Max
97773,BY-Max
97775,BY-Max
97776,BY-Max
97778,BY-Max
97779,BY-Max
97780,BY-Max
97782,BY-Max
97783,BY-Max
97785,BY-Max
97786,BY-Max
97788,BY-Max
97789,BY-Max
97791,BY-Max
97792,BY-Max
97794,BY-Max
97795,BY-Max
97797,BY-Max
97799,BY-Max
97816,BY-Max
97828,BY-Max
97833,BY-Max
97834,BY-Max
97836,BY-Max
97837,BY-Max
97839,BY-Max
97840,BY-Max
97842,BY-Max
97843,BY-Max
97845,BY-Max
97846,BY-Max
97848,BY-Max
97849,BY-Max
97851,BY-Max
97852,BY-Max
97854,BY-Max
97855,BY-Max
97857,BY-Max
97859,BY-Max
97892,BY-Max
97901,BY-Max
97903,BY-Max
97904,BY-Max
97906,BY-Max
97907,BY-Max
97909,BY-Max
10115,BE-Sara
10117,BE-Sara
10119,BE-Sara
10178,BE-Sara
10179,BE-Sara
10243,BE-Sara
10245,BE-Sara
10247,BE-Sara
10249,BE-Sara
10315,BE-Sara
10317,BE-Sara
10318,BE-Sara
10319,BE-Sara
10365,BE-Sara
10367,BE-Sara
10369,BE-Sara
10405,BE-Sara
10407,BE-Sara
10409,BE-Sara
10435,BE-Sara
10437,BE-Sara
10439,BE-Sara
10551,BE-Sara
10553,BE-Sara
10555,BE-Sara
10557,BE-Sara
10559,BE-Sara
10585,BE-Sara
10587,BE-Sara
10589,BE-Sara
10623,BE-Sara
10625,BE-Sara
10627,BE-Sara
10629,BE-Sara
10707,BE-Sara
10709,BE-Sara
10711,BE-Sara
10713,BE-Sara
10715,BE-Sara
10717,BE-Sara
10719,BE-Sara
10777,BE-Sara
10779,BE-Sara
10781,BE-Sara
10783,BE-Sara
10785,BE-Sara
10787,BE-Sara
10789,BE-Sara
10823,BE-Sara
10825,BE-Sara
10827,BE-Sara
10829,BE-Sara
10961,BE-Sara
10963,BE-Sara
10965,BE-Sara
10967,BE-Sara
10969,BE-Sara
10997,BE-Sara
10999,BE-Sara
12043,BE-Sara
12045,BE-Sara
12047,BE-Sara
12049,BE-Sara
12051,BE-Sara
12053,BE-Sara
12055,BE-Sara
12057,BE-Sara
12059,BE-Sara
12099,BE-Sara
12101,BE-Sara
12103,BE-Sara
12105,BE-Sara
12107,BE-Sara
12109,BE-Sara
12157,BE-Sara
12159,BE-Sara
12161,BE-Sara
12163,BE-Sara
12165,BE-Sara
12167,BE-Sara
12169,BE-Sara
12203,BE-Sara
12205,BE-Sara
12207,BE-Sara
12209,BE-Sara
12247,BE-Sara
12249,BE-Sara
12277,BE-Sara
12279,BE-Sara
12305,BE-Sara
12307,BE-Sara
12309,BE-Sara
12347,BE-Sara
12349,BE-Sara
12351,BE-Sara
12353,BE-Sara
12355,BE-Sara
12357,BE-Sara
12359,BE-Sara
12435,BE-Sara
12437,BE-Sara
12439,BE-Sara
12459,BE-Sara
12487,BE-Sara
12489,BE-Sara
12524,BE-Sara
12526,BE-Sara
12527,BE-Sara
12529,BE-Sara
12555,BE-Sara
12557,BE-Sara
12559,BE-Sara
12587,BE-Sara
12589,BE-Sara
12619,BE-Sara
12621,BE-Sara
12623,BE-Sara
12627,BE-Sara
12629,BE-Sara
12679,BE-Sara
12681,BE-Sara
12683,BE-Sara
12685,BE-Sara
12687,BE-Sara
12689,BE-Sara
13047,BE-Sara
13051,BE-Sara
13053,BE-Sara
13055,BE-Sara
13057,BE-Sara
13059,BE-Sara
13086,BE-Sara
13088,BE-Sara
13089,BE-Sara
13125,BE-Sara
13127,BE-Sara
13129,BE-Sara
13156,BE-Sara
13158,BE-Sara
13159,BE-Sara
13187,BE-Sara
13189,BE-Sara
13347,BE-Sara
13349,BE-Sara
13351,BE-Sara
13353,BE-Sara
13355,BE-Sara
13357,BE-Sara
13359,BE-Sara
13403,BE-Sara
13405,BE-Sara
13407,BE-Sara
13409,BE-Sara
13435,BE-Sara
13437,BE-Sara
13439,BE-Sara
13465,BE-Sara
13467,BE-Sara
13469,BE-Sara
13503,BE-Sara
13505,BE-Sara
13507,BE-Sara
13509,BE-Sara
13581,BE-Sara
13583,BE-Sara
13585,BE-Sara
13587,BE-Sara
13589,BE-Sara
13591,BE-Sara
13593,BE-Sara
13595,BE-Sara
13597,BE-Sara
13599,BE-Sara
13627,BE-Sara
13629,BE-Sara
14050,BE-Sara
14052,BE-Sara
14053,BE-Sara
14055,BE-Sara
14057,BE-Sara
14059,BE-Sara
14089,BE-Sara
14109,BE-Sara
14129,BE-Sara
14163,BE-Sara
14165,BE-Sara
14167,BE-Sara
14169,BE-Sara
14193,BE-Sara
14195,BE-Sara
14197,BE-Sara
14199,BE-Sara
20038,HH-Bea
20088,HH-Bea
20095,HH-Bea
20097,HH-Bea
20099,HH-Bea
20144,HH-Bea
20146,HH-Bea
20148,HH-Bea
20149,HH-Bea
20249,HH-Bea
20251,HH-Bea
20253,HH-Bea
20255,HH-Bea
20257,HH-Bea
20259,HH-Bea
20350,HH-Bea
20354,HH-Bea
20355,HH-Bea
20357,HH-Bea
20359,HH-Bea
20457,HH-Bea
20459,HH-Bea
20535,HH-Bea
20537,HH-Bea
20539,HH-Bea
21029,HH-Bea
21031,HH-Bea
21033,HH-Bea
21035,HH-Bea
21037,HH-Bea
21039,HH-Bea
21073,HH-Bea
21075,HH-Bea
21077,HH-Bea
21079,HH-Bea
21107,HH-Bea
21109,HH-Bea
21129,HH-Bea
21147,HH-Bea
21149,HH-Bea
22041,HH-Bea
22043,HH-Bea
22045,HH-Bea
22047,HH-Bea
22049,HH-Bea
22081,HH-Bea
22083,HH-Bea
22085,HH-Bea
22087,HH-Bea
22089,HH-Bea
22111,HH-Bea
22113,HH-Bea
22115,HH-Bea
22117,HH-Bea
22119,HH-Bea
22143,HH-Bea
22145,HH-Bea
22147,HH-Bea
22149,HH-Bea
22159,HH-Bea
22175,HH-Bea
22177,HH-Bea
22179,HH-Bea
22297,HH-Bea
22299,HH-Bea
22301,HH-Bea
22303,HH-Bea
22305,HH-Bea
22307,HH-Bea
22309,HH-Bea
22335,HH-Bea
22337,HH-Bea
22339,HH-Bea
22359,HH-Bea
22391,HH-Bea
22393,HH-Bea
22395,HH-Bea
22397,HH-Bea
22399,HH-Bea
22415,HH-Bea
22417,HH-Bea
22419,HH-Bea
22453,HH-Bea
22455,HH-Bea
22457,HH-Bea
22459,HH-Bea
22523,HH-Bea
22525,HH-Bea
22527,HH-Bea
22529,HH-Bea
22547,HH-Bea
22549,HH-Bea
22559,HH-Bea
22587,HH-Bea
22589,HH-Bea
22605,HH-Bea
22607,HH-Bea
22609,HH-Bea
22761,HH-Bea
22763,HH-Bea
22765,HH-Bea
22767,HH-Bea
22769,HH-Bea
27499,HH-Bea
19273,NI-Mehmet
21217,NI-Mehmet
21218,NI-Mehmet
21220,NI-Mehmet
21224,NI-Mehmet
21227,NI-Mehmet
21228,NI-Mehmet
21244,NI-Mehmet
21255,NI-Mehmet
21256,NI-Mehmet
21258,NI-Mehmet
21259,NI-Mehmet
21261,NI-Mehmet
21266,NI-Mehmet
21271,NI-Mehmet
21272,NI-Mehmet
21274,NI-Mehmet
21279,NI-Mehmet
21335,NI-Mehmet
21337,NI-Mehmet
21339,NI-Mehmet
21354,NI-Mehmet
21357,NI-Mehmet
21358,NI-Mehmet
21360,NI-Mehmet
21365,NI-Mehmet
21368,NI-Mehmet
21369,NI-Mehmet
21371,NI-Mehmet
21376,NI-Mehmet
21379,NI-Mehmet
21380,NI-Mehmet
21382,NI-Mehmet
21385,NI-Mehmet
21386,NI-Mehmet
21388,NI-Mehmet
21391,NI-Mehmet
21394,NI-Mehmet
21395,NI-Mehmet
21397,NI-Mehmet
21398,NI-Mehmet
21400,NI-Mehmet
21401,NI-Mehmet
21403,NI-Mehmet
21406,NI-Mehmet
21407,NI-Mehmet
21409,NI-Mehmet
21423,NI-Mehmet
21435,NI-Mehmet
21436,NI-Mehmet
21438,NI-Mehmet
21439,NI-Mehmet
21441,NI-Mehmet
21442,NI-Mehmet
21444,NI-Mehmet
21445,NI-Mehmet
21447,NI-Mehmet
21449,NI-Mehmet
21522,NI-Mehmet
21614,NI-Mehmet
21629,NI-Mehmet
21635,NI-Mehmet
21640,NI-Mehmet
21641,NI-Mehmet
21643,NI-Mehmet
21644,NI-Mehmet
21646,NI-Mehmet
21647,NI-Mehmet
21649,NI-Mehmet
21680,NI-Mehmet
21682,NI-Mehmet
21683,NI-Mehmet
21684,NI-Mehmet
21698,NI-Mehmet
21702,NI-Mehmet
21706,NI-Mehmet
21709,NI-Mehmet
21710,NI-Mehmet
21712,NI-Mehmet
21714,NI-Mehmet
21717,NI-Mehmet
21720,NI-Mehmet
21723,NI-Mehmet
21726,NI-Mehmet
21727,NI-Mehmet
21729,NI-Mehmet
21730,NI-Mehmet
21732,NI-Mehmet
21734,NI-Mehmet
21737,NI-Mehmet
21739,NI-Mehmet
21745,NI-Mehmet
21755,NI-Mehmet
21756,NI-Mehmet
21762,NI-Mehmet
21763,NI-Mehmet
21765,NI-Mehmet
21769,NI-Mehmet
21770,NI-Mehmet
21772,NI-Mehmet
21775,NI-Mehmet
21776,NI-Mehmet
21781,NI-Mehmet
21782,NI-Mehmet
21784,NI-Mehmet
21785,NI-Mehmet
21787,NI-Mehmet
21789,NI-Mehmet
26121,NI-Mehmet
26122,NI-Mehmet
26123,NI-Mehmet
26125,NI-Mehmet
26127,NI-Mehmet
26129,NI-Mehmet
26131,NI-Mehmet
26133,NI-Mehmet
26135,NI-Mehmet
26160,NI-Mehmet
26169,NI-Mehmet
26180,NI-Mehmet
26188,NI-Mehmet
26197,NI-Mehmet
26203,NI-Mehmet
26209,NI-Mehmet
26215,NI-Mehmet
26219,NI-Mehmet
26316,NI-Mehmet
26340,NI-Mehmet
26345,NI-Mehmet
26349,NI-Mehmet
26382,NI-Mehmet
26384,NI-Mehmet
26386,NI-Mehmet
26388,NI-Mehmet
26389,NI-Mehmet
26409,NI-Mehmet
26419,NI-Mehmet
26427,NI-Mehmet
26434,NI-Mehmet
26441,NI-Mehmet
26446,NI-Mehmet
26452,NI-Mehmet
26465,NI-Mehmet
26474,NI-Mehmet
26486,NI-Mehmet
26487,NI-Mehmet
26489,NI-Mehmet
26506,NI-Mehmet
26524,NI-Mehmet
26529,NI-Mehmet
26532,NI-Mehmet
26548,NI-Mehmet
26553,NI-Mehmet
26556,NI-Mehmet
26571,NI-Mehmet
26579,NI-Mehmet
26603,NI-Mehmet
26605,NI-Mehmet
26607,NI-Mehmet
26624,NI-Mehmet
26629,NI-Mehmet
26632,NI-Mehmet
26639,NI-Mehmet
26655,NI-Mehmet
26670,NI-Mehmet
26676,NI-Mehmet
26683,NI-Mehmet
26689,NI-Mehmet
26721,NI-Mehmet
26723,NI-Mehmet
26725,NI-Mehmet
26736,NI-Mehmet
26757,NI-Mehmet
26759,NI-Mehmet
26789,NI-Mehmet
26802,NI-Mehmet
26810,NI-Mehmet
26817,NI-Mehmet
26826,NI-Mehmet
26831,NI-Mehmet
26835,NI-Mehmet
26842,NI-Mehmet
26844,NI-Mehmet
26845,NI-Mehmet
26847,NI-Mehmet
26849,NI-Mehmet
26871,NI-Mehmet
26892,NI-Mehmet
26897,NI-Mehmet
26899,NI-Mehmet
26901,NI-Mehmet
26903,NI-Mehmet
26904,NI-Mehmet
26906,NI-Mehmet
26907,NI-Mehmet
26909,NI-Mehmet
26919,NI-Mehmet
26931,NI-Mehmet
26935,NI-Mehmet
26936,NI-Mehmet
26937,NI-Mehmet
26939,NI-Mehmet
26954,NI-Mehmet
26969,NI-Mehmet
27211,NI-Mehmet
27232,NI-Mehmet
27239,NI-Mehmet
27243,NI-Mehmet
27245,NI-Mehmet
27246,NI-Mehmet
27248,NI-Mehmet
27249,NI-Mehmet
27251,NI-Mehmet
27252,NI-Mehmet
27254,NI-Mehmet
27257,NI-Mehmet
27259,NI-Mehmet
27283,NI-Mehmet
27299,NI-Mehmet
27305,NI-Mehmet
27308,NI-Mehmet
27313,NI-Mehmet
27318,NI-Mehmet
27321,NI-Mehmet
27324,NI-Mehmet
27327,NI-Mehmet
27330,NI-Mehmet
27333,NI-Mehmet
27336,NI-Mehmet
27337,NI-Mehmet
27339,NI-Mehmet
27356,NI-Mehmet
27367,NI-Mehmet
27374,NI-Mehmet
27383,NI-Mehmet
27386,NI-Mehmet
27389,NI-Mehmet
27404,NI-Mehmet
27412,NI-Mehmet
27419,NI-Mehmet
27432,NI-Mehmet
27442,NI-Mehmet
27446,NI-Mehmet
27449,NI-Mehmet
27472,NI-Mehmet
27474,NI-Mehmet
27476,NI-Mehmet
27478,NI-Mehmet
27607,NI-Mehmet
27612,NI-Mehmet
27616,NI-Mehmet
27619,NI-Mehmet
27624,NI-Mehmet
27628,NI-Mehmet
27632,NI-Mehmet
27637,NI-Mehmet
27638,NI-Mehmet
27711,NI-Mehmet
27721,NI-Mehmet
27726,NI-Mehmet
27729,NI-Mehmet
27749,NI-Mehmet
27751,NI-Mehmet
27753,NI-Mehmet
27755,NI-Mehmet
27777,NI-Mehmet
27793,NI-Mehmet
27798,NI-Mehmet
27801,NI-Mehmet
27804,NI-Mehmet
27809,NI-Mehmet
28790,NI-Mehmet
28816,NI-Mehmet
28832,NI-Mehmet
28844,NI-Mehmet
28857,NI-Mehmet
28865,NI-Mehmet
28870,NI-Mehmet
28876,NI-Mehmet
28879,NI-Mehmet
29221,NI-Soeren
29223,NI-Soeren
29225,NI-Soeren
29227,NI-Soeren
29229,NI-Soeren
29303,NI-Soeren
29308,NI-Soeren
29313,NI-Soeren
29320,NI-Soeren
29323,NI-Soeren
29328,NI-Soeren
29331,NI-Soeren
29336,NI-Soeren
29339,NI-Soeren
29342,NI-Soeren
29345,NI-Soeren
29348,NI-Soeren
29351,NI-Soeren
29352,NI-Soeren
29353,NI-Soeren
29355,NI-Soeren
29356,NI-Soeren
29358,NI-Soeren
29359,NI-Soeren
29361,NI-Soeren
29362,NI-Soeren
29364,NI-Soeren
29365,NI-Soeren
29367,NI-Soeren
29369,NI-Soeren
29378,NI-Soeren
29379,NI-Soeren
29386,NI-Soeren
29389,NI-Soeren
29392,NI-Soeren
29393,NI-Soeren
29394,NI-Soeren
29396,NI-Soeren
29399,NI-Soeren
29439,NI-Soeren
29451,NI-Soeren
29456,NI-Soeren
29459,NI-Soeren
29462,NI-Soeren
29465,NI-Soeren
29468,NI-Soeren
29471,NI-Soeren
29472,NI-Soeren
29473,NI-Soeren
29475,NI-Soeren
29476,NI-Soeren
29478,NI-Soeren
29479,NI-Soeren
29481,NI-Soeren
29482,NI-Soeren
29484,NI-Soeren
29485,NI-Soeren
29487,NI-Soeren
29488,NI-Soeren
29490,NI-Soeren
29491,NI-Soeren
29493,NI-Soeren
29494,NI-Soeren
29496,NI-Soeren
29497,NI-Soeren
29499,NI-Soeren
29525,NI-Soeren
29549,NI-Soeren
29553,NI-Soeren
29556,NI-Soeren
29559,NI-Soeren
29562,NI-Soeren
29565,NI-Soeren
29568,NI-Soeren
29571,NI-Soeren
29574,NI-Soeren
29575,NI-Soeren
29576,NI-Soeren
29578,NI-Soeren
29579,NI-Soeren
29581,NI-Soeren
29582,NI-Soeren
29584,NI-Soeren
29585,NI-Soeren
29587,NI-Soeren
29588,NI-Soeren
29590,NI-Soeren
29591,NI-Soeren
29593,NI-Soeren
29594,NI-Soeren
29596,NI-Soeren
29597,NI-Soeren
29599,NI-Soeren
29614,NI-Soeren
29633,NI-Soeren
29640,NI-Soeren
29643,NI-Soeren
29646,NI-Soeren
29649,NI-Soeren
29664,NI-Soeren
29683,NI-Soeren
29690,NI-Soeren
29693,NI-Soeren
29699,NI-Soeren
30159,NI-Bettina
30161,NI-Bettina
30163,NI-Bettina
30165,NI-Bettina
30167,NI-Bettina
30169,NI-Bettina
30171,NI-Bettina
30173,NI-Bettina
30175,NI-Bettina
30177,NI-Bettina
30179,NI-Bettina
30419,NI-Bettina
30449,NI-Bettina
30451,NI-Bettina
30453,NI-Bettina
30455,NI-Bettina
30457,NI-Bettina
30459,NI-Bettina
30519,NI-Bettina
30521,NI-Bettina
30539,NI-Bettina
30559,NI-Bettina
30625,NI-Bettina
30627,NI-Bettina
30629,NI-Bettina
30655,NI-Bettina
30657,NI-Bettina
30659,NI-Bettina
30669,NI-Bettina
30823,NI-Bettina
30826,NI-Bettina
30827,NI-Bettina
30851,NI-Bettina
30853,NI-Bettina
30855,NI-Bettina
30880,NI-Bettina
30890,NI-Bettina
30900,NI-Bettina
30916,NI-Bettina
30926,NI-Bettina
30938,NI-Bettina
30952,NI-Bettina
30966,NI-Bettina
30974,NI-Bettina
30982,NI-Bettina
30989,NI-Bettina
31008,NI-Bettina
31020,NI-Bettina
31028,NI-Bettina
31029,NI-Bettina
31032,NI-Bettina
31033,NI-Bettina
31035,NI-Bettina
31036,NI-Bettina
31039,NI-Bettina
31061,NI-Bettina
31073,NI-Bettina
31079,NI-Bettina
31084,NI-Bettina
31085,NI-Bettina
31087,NI-Bettina
31088,NI-Bettina
31089,NI-Bettina
31091,NI-Bettina
31093,NI-Bettina
31094,NI-Bettina
31096,NI-Bettina
31097,NI-Bettina
31099,NI-Bettina
31134,NI-Bettina
31135,NI-Bettina
31137,NI-Bettina
31139,NI-Bettina
31141,NI-Bettina
31157,NI-Bettina
31162,NI-Bettina
31167,NI-Bettina
31171,NI-Bettina
31174,NI-Bettina
31177,NI-Bettina
31180,NI-Bettina
31185,NI-Bettina
31188,NI-Bettina
31191,NI-Bettina
31195,NI-Bettina
31196,NI-Bettina
31199,NI-Bettina
31224,NI-Bettina
31226,NI-Bettina
31228,NI-Bettina
31234,NI-Bettina
31241,NI-Bettina
31246,NI-Bettina
31249,NI-Bettina
31275,NI-Bettina
31303,NI-Bettina
31311,NI-Bettina
31319,NI-Bettina
31515,NI-Bettina
31535,NI-Bettina
31542,NI-Bettina
31547,NI-Bettina
31552,NI-Bettina
31553,NI-Bettina
31555,NI-Bettina
31556,NI-Bettina
31558,NI-Bettina
31559,NI-Bettina
31582,NI-Bettina
31592,NI-Bettina
31595,NI-Bettina
31600,NI-Bettina
31603,NI-Bettina
31604,NI-Bettina
31606,NI-Bettina
31608,NI-Bettina
31609,NI-Bettina
31613,NI-Bettina
31618,NI-Bettina
31619,NI-Bettina
31621,NI-Bettina
31622,NI-Bettina
31623,NI-Bettina
31626,NI-Bettina
31627,NI-Bettina
31628,NI-Bettina
31629,NI-Bettina
31632,NI-Bettina
31633,NI-Bettina
31634,NI-Bettina
31636,NI-Bettina
31637,NI-Bettina
31638,NI-Bettina
31655,NI-Bettina
31675,NI-Bettina
31683,NI-Bettina
31688,NI-Bettina
31691,NI-Bettina
31693,NI-Bettina
31698,NI-Bettina
31699,NI-Bettina
31700,NI-Bettina
31702,NI-Bettina
31707,NI-Bettina
31708,NI-Bettina
31710,NI-Bettina
31711,NI-Bettina
31712,NI-Bettina
31714,NI-Bettina
31715,NI-Bettina
31717,NI-Bettina
31718,NI-Bettina
31719,NI-Bettina
31737,NI-Bettina
31749,NI-Bettina
31785,NI-Bettina
31787,NI-Bettina
31789,NI-Bettina
31812,NI-Bettina
31832,NI-Bettina
31840,NI-Bettina
31848,NI-Bettina
31855,NI-Bettina
31860,NI-Bettina
31863,NI-Bettina
31867,NI-Bettina
31868,NI-Bettina
34346,NI-Bettina
34355,NI-Bettina
37073,NI-Bettina
37075,NI-Bettina
37077,NI-Bettina
37079,NI-Bettina
37081,NI-Bettina
37083,NI-Bettina
37085,NI-Bettina
37115,NI-Bettina
37120,NI-Bettina
37124,NI-Bettina
37127,NI-Bettina
37130,NI-Bettina
37133,NI-Bettina
37136,NI-Bettina
37139,NI-Bettina
37154,NI-Bettina
37170,NI-Bettina
37176,NI-Bettina
37181,NI-Bettina
37186,NI-Bettina
37191,NI-Bettina
37194,NI-Bettina
37197,NI-Bettina
37199,NI-Bettina
37412,NI-Bettina
37431,NI-Bettina
37434,NI-Bettina
37441,NI-Bettina
37444,NI-Bettina
37445,NI-Bettina
37447,NI-Bettina
37449,NI-Bettina
37520,NI-Bettina
37534,NI-Bettina
37539,NI-Bettina
37547,NI-Bettina
37574,NI-Bettina
37581,NI-Bettina
37586,NI-Bettina
37589,NI-Bettina
37603,NI-Bettina
37619,NI-Bettina
37620,NI-Bettina
37627,NI-Bettina
37632,NI-Bettina
37633,NI-Bettina
37635,NI-Bettina
37639,NI-Bettina
37640,NI-Bettina
37642,NI-Bettina
37643,NI-Bettina
37647,NI-Bettina
37649,NI-Bettina
37691,NI-Bettina
37697,NI-Bettina
37699,NI-Bettina
38100,NI-Soeren
38102,NI-Soeren
38104,NI-Soeren
38106,NI-Soeren
38108,NI-Soeren
38110,NI-Soeren
38112,NI-Soeren
38114,NI-Soeren
38116,NI-Soeren
38118,NI-Soeren
38120,NI-Soeren
38122,NI-Soeren
38124,NI-Soeren
38126,NI-Soeren
38154,NI-Soeren
38159,NI-Soeren
38162,NI-Soeren
38165,NI-Soeren
38170,NI-Soeren
38173,NI-Soeren
38176,NI-Soeren
38179,NI-Soeren
38226,NI-Soeren
38228,NI-Soeren
38229,NI-Soeren
38239,NI-Soeren
38259,NI-Soeren
38268,NI-Soeren
38271,NI-Soeren
38272,NI-Soeren
38274,NI-Soeren
38275,NI-Soeren
38277,NI-Soeren
38279,NI-Soeren
38300,NI-Soeren
38302,NI-Soeren
38304,NI-Soeren
38312,NI-Soeren
38315,NI-Soeren
38319,NI-Soeren
38321,NI-Soeren
38322,NI-Soeren
38324,NI-Soeren
38325,NI-Soeren
38327,NI-Soeren
38329,NI-Soeren
38350,NI-Soeren
38364,NI-Soeren
38368,NI-Soeren
38372,NI-Soeren
38373,NI-Soeren
38375,NI-Soeren
38376,NI-Soeren
38378,NI-Soeren
38379,NI-Soeren
38381,NI-Soeren
38382,NI-Soeren
38384,NI-Soeren
38385,NI-Soeren
38387,NI-Soeren
38388,NI-Soeren
38440,NI-Soeren
38442,NI-Soeren
38444,NI-Soeren
38446,NI-Soeren
38448,NI-Soeren
38458,NI-Soeren
38459,NI-Soeren
38461,NI-Soeren
38462,NI-Soeren
38464,NI-Soeren
38465,NI-Soeren
38467,NI-Soeren
38468,NI-Soeren
38470,NI-Soeren
38471,NI-Soeren
38473,NI-Soeren
38474,NI-Soeren
38476,NI-Soeren
38477,NI-Soeren
38479,NI-Soeren
38518,NI-Soeren
38524,NI-Soeren
38527,NI-Soeren
38528,NI-Soeren
38530,NI-Soeren
38531,NI-Soeren
38533,NI-Soeren
38536,NI-Soeren
38539,NI-Soeren
38542,NI-Soeren
38543,NI-Soeren
38547,NI-Soeren
38550,NI-Soeren
38551,NI-Soeren
38553,NI-Soeren
38554,NI-Soeren
38556,NI-Soeren
38557,NI-Soeren
38559,NI-Soeren
38640,NI-Soeren
38642,NI-Soeren
38644,NI-Soeren
38667,NI-Soeren
38678,NI-Soeren
38685,NI-Soeren
38690,NI-Soeren
38700,NI-Soeren
38704,NI-Soeren
38707,NI-Soeren
38709,NI-Soeren
38723,NI-Soeren
38729,NI-Soeren
48455,NI-Mehmet
48465,NI-Mehmet
48480,NI-Mehmet
48488,NI-Mehmet
48499,NI-Mehmet
48527,NI-Mehmet
48529,NI-Mehmet
48531,NI-Mehmet
49074,NI-Mehmet
49076,NI-Mehmet
49078,NI-Mehmet
49080,NI-Mehmet
49082,NI-Mehmet
49084,NI-Mehmet
49086,NI-Mehmet
49088,NI-Mehmet
49090,NI-Mehmet
49124,NI-Mehmet
49134,NI-Mehmet
49143,NI-Mehmet
49152,NI-Mehmet
49163,NI-Mehmet
49170,NI-Mehmet
49176,NI-Mehmet
49179,NI-Mehmet
49186,NI-Mehmet
49191,NI-Mehmet
49196,NI-Mehmet
49201,NI-Mehmet
49205,NI-Mehmet
49214,NI-Mehmet
49219,NI-Mehmet
49324,NI-Mehmet
49326,NI-Mehmet
49328,NI-Mehmet
49356,NI-Mehmet
49377,NI-Mehmet
49393,NI-Mehmet
49401,NI-Mehmet
49406,NI-Mehmet
49413,NI-Mehmet
49419,NI-Mehmet
49424,NI-Mehmet
49429,NI-Mehmet
49434,NI-Mehmet
49439,NI-Mehmet
49448,NI-Mehmet
49451,NI-Mehmet
49453,NI-Mehmet
49456,NI-Mehmet
49457,NI-Mehmet
49459,NI-Mehmet
49565,NI-Mehmet
49577,NI-Mehmet
49584,NI-Mehmet
49586,NI-Mehmet
49593,NI-Mehmet
49594,NI-Mehmet
49596,NI-Mehmet
49597,NI-Mehmet
49599,NI-Mehmet
49610,NI-Mehmet
49624,NI-Mehmet
49626,NI-Mehmet
49632,NI-Mehmet
49635,NI-Mehmet
49637,NI-Mehmet
49638,NI-Mehmet
49661,NI-Mehmet
49681,NI-Mehmet
49685,NI-Mehmet
49688,NI-Mehmet
49692,NI-Mehmet
49696,NI-Mehmet
49699,NI-Mehmet
49716,NI-Mehmet
49733,NI-Mehmet
49740,NI-Mehmet
49744,NI-Mehmet
49751,NI-Mehmet
49757,NI-Mehmet
49762,NI-Mehmet
49767,NI-Mehmet
49770,NI-Mehmet
49774,NI-Mehmet
49777,NI-Mehmet
49779,NI-Mehmet
49808,NI-Mehmet
49809,NI-Mehmet
49811,NI-Mehmet
49824,NI-Mehmet
49828,NI-Mehmet
49832,NI-Mehmet
49835,NI-Mehmet
49838,NI-Mehmet
49843,NI-Mehmet
49844,NI-Mehmet
49846,NI-Mehmet
49847,NI-Mehmet
49849,NI-Mehmet
32049,NW-Lea
32051,NW-Lea
32052,NW-Lea
32105,NW-Lea
32107,NW-Lea
32108,NW-Lea
32120,NW-Lea
32130,NW-Lea
32139,NW-Lea
32257,NW-Lea
32278,NW-Lea
32289,NW-Lea
32312,NW-Lea
32339,NW-Lea
32351,NW-Lea
32361,NW-Lea
32369,NW-Lea
32423,NW-Lea
32425,NW-Lea
32427,NW-Lea
32429,NW-Lea
32457,NW-Lea
32469,NW-Lea
32479,NW-Lea
32545,NW-Lea
32547,NW-Lea
32549,NW-Lea
32584,NW-Lea
32602,NW-Lea
32609,NW-Lea
32657,NW-Lea
32676,NW-Lea
32683,NW-Lea
32689,NW-Lea
32694,NW-Lea
32699,NW-Lea
32756,NW-Lea
32758,NW-Lea
32760,NW-Lea
32791,NW-Lea
32805,NW-Lea
32816,NW-Lea
32825,NW-Lea
32832,NW-Lea
32839,NW-Lea
33014,NW-Lea
33034,NW-Lea
33039,NW-Lea
33098,NW-Lea
33100,NW-Lea
33102,NW-Lea
33104,NW-Lea
33106,NW-Lea
33129,NW-Lea
33142,NW-Lea
33154,NW-Lea
33161,NW-Lea
33165,NW-Lea
33175,NW-Lea
33178,NW-Lea
33181,NW-Lea
33184,NW-Lea
33189,NW-Lea
33330,NW-Lea
33332,NW-Lea
33334,NW-Lea
33335,NW-Lea
33378,NW-Lea
33397,NW-Lea
33415,NW-Lea
33428,NW-Lea
33442,NW-Lea
33449,NW-Lea
33602,NW-Lea
33604,NW-Lea
33605,NW-Lea
33607,NW-Lea
33609,NW-Lea
33611,NW-Lea
33613,NW-Lea
33615,NW-Lea
33617,NW-Lea
33619,NW-Lea
33647,NW-Lea
33649,NW-Lea
33659,NW-Lea
33689,NW-Lea
33699,NW-Lea
33719,NW-Lea
33729,NW-Lea
33739,NW-Lea
33758,NW-Lea
33775,NW-Lea
33790,NW-Lea
33803,NW-Lea
33813,NW-Lea
33818,NW-Lea
33824,NW-Lea
33829,NW-Lea
34414,NW-Lea
34431,NW-Lea
34434,NW-Lea
34439,NW-Lea
37671,NW-Lea
37688,NW-Lea
37696,NW-Lea
40210,NW-Michael
40211,NW-Michael
40212,NW-Michael
40213,NW-Michael
40215,NW-Michael
40217,NW-Michael
40219,NW-Michael
40221,NW-Michael
40223,NW-Michael
40225,NW-Michael
40227,NW-Michael
40229,NW-Michael
40231,NW-Michael
40233,NW-Michael
40235,NW-Michael
40237,NW-Michael
40239,NW-Michael
40468,NW-Michael
40470,NW-Michael
40472,NW-Michael
40474,NW-Michael
40476,NW-Michael
40477,NW-Michael
40479,NW-Michael
40489,NW-Michael
40545,NW-Michael
40547,NW-Michael
40549,NW-Michael
40589,NW-Michael
40591,NW-Michael
40593,NW-Michael
40595,NW-Michael
40597,NW-Michael
40599,NW-Michael
40625,NW-Michael
40627,NW-Michael
40629,NW-Michael
40667,NW-Michael
40668,NW-Michael
40670,NW-Michael
40699,NW-Michael
40721,NW-Michael
40723,NW-Michael
40724,NW-Michael
40764,NW-Michael
40789,NW-Michael
40822,NW-Michael
40878,NW-Michael
40880,NW-Michael
40882,NW-Michael
40883,NW-Michael
40885,NW-Michael
41061,NW-Michael
41063,NW-Michael
41065,NW-Michael
41066,NW-Michael
41068,NW-Michael
41069,NW-Michael
41169,NW-Michael
41179,NW-Michael
41189,NW-Michael
41199,NW-Michael
41236,NW-Michael
41238,NW-Michael
41239,NW-Michael
41334,NW-Michael
41352,NW-Michael
41363,NW-Michael
41366,NW-Michael
41372,NW-Michael
41379,NW-Michael
41460,NW-Michael
41462,NW-Michael
41464,NW-Michael
41466,NW-Michael
41468,NW-Michael
41469,NW-Michael
41470,NW-Michael
41472,NW-Michael
41515,NW-Michael
41516,NW-Michael
41517,NW-Michael
41539,NW-Michael
41540,NW-Michael
41541,NW-Michael
41542,NW-Michael
41564,NW-Michael
41569,NW-Michael
41747,NW-Michael
41748,NW-Michael
41749,NW-Michael
41751,NW-Michael
41812,NW-Michael
41836,NW-Michael
41844,NW-Michael
41849,NW-Michael
42103,NW-Michael
42105,NW-Michael
42107,NW-Michael
42109,NW-Michael
42111,NW-Michael
42113,NW-Michael
42115,NW-Michael
42117,NW-Michael
42119,NW-Michael
42275,NW-Michael
42277,NW-Michael
42279,NW-Michael
42281,NW-Michael
42283,NW-Michael
42285,NW-Michael
42287,NW-Michael
42289,NW-Michael
42327,NW-Michael
42329,NW-Michael
42349,NW-Michael
42369,NW-Michael
42389,NW-Michael
42399,NW-Michael
42477,NW-Michael
42489,NW-Michael
42499,NW-Michael
42549,NW-Michael
42551,NW-Michael
42553,NW-Michael
42555,NW-Michael
42579,NW-Michael
42651,NW-Michael
42653,NW-Michael
42655,NW-Michael
42657,NW-Michael
42659,NW-Michael
42697,NW-Michael
42699,NW-Michael
42719,NW-Michael
42781,NW-Michael
42799,NW-Michael
42853,NW-Michael
42855,NW-Michael
42857,NW-Michael
42859,NW-Michael
42897,NW-Michael
42899,NW-Michael
42929,NW-Michael
44135,NW-Lea
44137,NW-Lea
44139,NW-Lea
44141,NW-Lea
44143,NW-Lea
44145,NW-Lea
44147,NW-Lea
44149,NW-Lea
44225,NW-Lea
44227,NW-Lea
44229,NW-Lea
44263,NW-Lea
44265,NW-Lea
44267,NW-Lea
44269,NW-Lea
44287,NW-Lea
44289,NW-Lea
44309,NW-Lea
44319,NW-Lea
44328,NW-Lea
44329,NW-Lea
44339,NW-Lea
44357,NW-Lea
44359,NW-Lea
44369,NW-Lea
44379,NW-Lea
44388,NW-Lea
44532,NW-Lea
44534,NW-Lea
44536,NW-Lea
44575,NW-Lea
44577,NW-Lea
44579,NW-Lea
44581,NW-Lea
44623,NW-Lea
44625,NW-Lea
44627,NW-Lea
44628,NW-Lea
44629,NW-Lea
44649,NW-Lea
44651,NW-Lea
44652,NW-Lea
44653,NW-Lea
44787,NW-Lea
44789,NW-Lea
44791,NW-Lea
44793,NW-Lea
44795,NW-Lea
44797,NW-Lea
44799,NW-Lea
44801,NW-Lea
44803,NW-Lea
44805,NW-Lea
44807,NW-Lea
44809,NW-Lea
44866,NW-Lea
44867,NW-Lea
44869,NW-Lea
44879,NW-Lea
44892,NW-Lea
44894,NW-Lea
45127,NW-Michael
45128,NW-Michael
45130,NW-Michael
45131,NW-Michael
45133,NW-Michael
45134,NW-Michael
45136,NW-Michael
45138,NW-Michael
45139,NW-Michael
45141,NW-Michael
45143,NW-Michael
45144,NW-Michael
45145,NW-Michael
45147,NW-Michael
45149,NW-Michael
45219,NW-Michael
45239,NW-Michael
45257,NW-Michael
45259,NW-Michael
45276,NW-Michael
45277,NW-Michael
45279,NW-Michael
45289,NW-Michael
45307,NW-Michael
45309,NW-Michael
45326,NW-Michael
45327,NW-Michael
45329,NW-Michael
45355,NW-Michael
45356,NW-Michael
45357,NW-Michael
45359,NW-Michael
45403,NW-Michael
45468,NW-Michael
45470,NW-Michael
45472,NW-Michael
45473,NW-Michael
45475,NW-Michael
45476,NW-Michael
45478,NW-Michael
45479,NW-Michael
45481,NW-Michael
45525,NW-Michael
45527,NW-Michael
45529,NW-Michael
45549,NW-Michael
45657,NW-Michael
45659,NW-Michael
45661,NW-Michael
45663,NW-Michael
45665,NW-Michael
45699,NW-Michael
45701,NW-Michael
45711,NW-Michael
45721,NW-Michael
45731,NW-Michael
45739,NW-Michael
45768,NW-Michael
45770,NW-Michael
45772,NW-Michael
45879,NW-Michael
45881,NW-Michael
45883,NW-Michael
45884,NW-Michael
45886,NW-Michael
45888,NW-Michael
45889,NW-Michael
45891,NW-Michael
45892,NW-Michael
45894,NW-Michael
45896,NW-Michael
45897,NW-Michael
45899,NW-Michael
45964,NW-Michael
45966,NW-Michael
45968,NW-Michael
46045,NW-Michael
46047,NW-Michael
46049,NW-Michael
46117,NW-Michael
46119,NW-Michael
46145,NW-Michael
46147,NW-Michael
46149,NW-Michael
46236,NW-Michael
46238,NW-Michael
46240,NW-Michael
46242,NW-Michael
46244,NW-Michael
46282,NW-Michael
46284,NW-Michael
46286,NW-Michael
46325,NW-Michael
46342,NW-Michael
46348,NW-Michael
46354,NW-Michael
46359,NW-Michael
46395,NW-Michael
46397,NW-Michael
46399,NW-Michael
46414,NW-Michael
46419,NW-Michael
46446,NW-Michael
46459,NW-Michael
46483,NW-Michael
46485,NW-Michael
46487,NW-Michael
46499,NW-Michael
46509,NW-Michael
46514,NW-Michael
46519,NW-Michael
46535,NW-Michael
46537,NW-Michael
46539,NW-Michael
46562,NW-Michael
46569,NW-Michael
47051,NW-Michael
47053,NW-Michael
47055,NW-Michael
47057,NW-Michael
47058,NW-Michael
47059,NW-Michael
47119,NW-Michael
47137,NW-Michael
47138,NW-Michael
47139,NW-Michael
47166,NW-Michael
47167,NW-Michael
47169,NW-Michael
47178,NW-Michael
47179,NW-Michael
47198,NW-Michael
47199,NW-Michael
47226,NW-Michael
47228,NW-Michael
47229,NW-Michael
47239,NW-Michael
47249,NW-Michael
47259,NW-Michael
47269,NW-Michael
47279,NW-Michael
47441,NW-Michael
47443,NW-Michael
47445,NW-Michael
47447,NW-Michael
47475,NW-Michael
47495,NW-Michael
47506,NW-Michael
47509,NW-Michael
47533,NW-Michael
47546,NW-Michael
47551,NW-Michael
47559,NW-Michael
47574,NW-Michael
47589,NW-Michael
47608,NW-Michael
47623,NW-Michael
47624,NW-Michael
47625,NW-Michael
47626,NW-Michael
47627,NW-Michael
47638,NW-Michael
47647,NW-Michael
47652,NW-Michael
47661,NW-Michael
47665,NW-Michael
47669,NW-Michael
47798,NW-Michael
47799,NW-Michael
47800,NW-Michael
47802,NW-Michael
47803,NW-Michael
47804,NW-Michael
47805,NW-Michael
47807,NW-Michael
47809,NW-Michael
47829,NW-Michael
47839,NW-Michael
47877,NW-Michael
47906,NW-Michael
47918,NW-Michael
47929,NW-Michael
48143,NW-Lea
48145,NW-Lea
48147,NW-Lea
48149,NW-Lea
48151,NW-Lea
48153,NW-Lea
48155,NW-Lea
48157,NW-Lea
48159,NW-Lea
48161,NW-Lea
48163,NW-Lea
48165,NW-Lea
48167,NW-Lea
48231,NW-Lea
48249,NW-Lea
48268,NW-Lea
48282,NW-Lea
48291,NW-Lea
48301,NW-Lea
48308,NW-Lea
48317,NW-Lea
48324,NW-Lea
48329,NW-Lea
48336,NW-Lea
48341,NW-Lea
48346,NW-Lea
48351,NW-Lea
48356,NW-Lea
48361,NW-Lea
48366,NW-Lea
48369,NW-Lea
48429,NW-Lea
48431,NW-Lea
48432,NW-Lea
48477,NW-Lea
48485,NW-Lea
48493,NW-Lea
48496,NW-Lea
48565,NW-Lea
48599,NW-Lea
48607,NW-Lea
48612,NW-Lea
48619,NW-Lea
48624,NW-Lea
48629,NW-Lea
48653,NW-Lea
48683,NW-Lea
48691,NW-Lea
48703,NW-Lea
48712,NW-Lea
48720,NW-Lea
48727,NW-Lea
48734,NW-Lea
48739,NW-Lea
49477,NW-Lea
49479,NW-Lea
49492,NW-Lea
49497,NW-Lea
49504,NW-Lea
49509,NW-Lea
49525,NW-Lea
49536,NW-Lea
49545,NW-Lea
49549,NW-Lea
50126,NW-Julia
50127,NW-Julia
50129,NW-Julia
50169,NW-Julia
50170,NW-Julia
50171,NW-Julia
50181,NW-Julia
50189,NW-Julia
50226,NW-Julia
50259,NW-Julia
50321,NW-Julia
50354,NW-Julia
50374,NW-Julia
50389,NW-Julia
50667,NW-Julia
50668,NW-Julia
50670,NW-Julia
50672,NW-Julia
50674,NW-Julia
50676,NW-Julia
50677,NW-Julia
50678,NW-Julia
50679,NW-Julia
50733,NW-Julia
50735,NW-Julia
50737,NW-Julia
50739,NW-Julia
50765,NW-Julia
50767,NW-Julia
50769,NW-Julia
50823,NW-Julia
50825,NW-Julia
50827,NW-Julia
50829,NW-Julia
50858,NW-Julia
50859,NW-Julia
50931,NW-Julia
50933,NW-Julia
50935,NW-Julia
50937,NW-Julia
50939,NW-Julia
50968,NW-Julia
50969,NW-Julia
50996,NW-Julia
50997,NW-Julia
50999,NW-Julia
51061,NW-Julia
51063,NW-Julia
51065,NW-Julia
51067,NW-Julia
51069,NW-Julia
51103,NW-Julia
51105,NW-Julia
51107,NW-Julia
51109,NW-Julia
51143,NW-Julia
51145,NW-Julia
51147,NW-Julia
51149,NW-Julia
51371,NW-Julia
51373,NW-Julia
51375,NW-Julia
51377,NW-Julia
51379,NW-Julia
51381,NW-Julia
51399,NW-Julia
51427,NW-Julia
51429,NW-Julia
51465,NW-Julia
51467,NW-Julia
51469,NW-Julia
51491,NW-Julia
51503,NW-Julia
51515,NW-Julia
51519,NW-Julia
51545,NW-Julia
51570,NW-Julia
51580,NW-Julia
51588,NW-Julia
51597,NW-Julia
51643,NW-Julia
51645,NW-Julia
51647,NW-Julia
51674,NW-Julia
51688,NW-Julia
51702,NW-Julia
51709,NW-Julia
51766,NW-Julia
51789,NW-Julia
52062,NW-Alexander
52064,NW-Alexander
52066,NW-Alexander
52068,NW-Alexander
52070,NW-Alexander
52072,NW-Alexander
52074,NW-Alexander
52076,NW-Alexander
52078,NW-Alexander
52080,NW-Alexander
52134,NW-Alexander
52146,NW-Alexander
52152,NW-Alexander
52156,NW-Alexander
52159,NW-Alexander
52222,NW-Alexander
52223,NW-Alexander
52224,NW-Alexander
52249,NW-Alexander
52349,NW-Alexander
52351,NW-Alexander
52353,NW-Alexander
52355,NW-Alexander
52372,NW-Alexander
52379,NW-Alexander
52382,NW-Alexander
52385,NW-Alexander
52388,NW-Alexander
52391,NW-Alexander
52393,NW-Alexander
52396,NW-Alexander
52399,NW-Alexander
52428,NW-Alexander
52441,NW-Alexander
52445,NW-Alexander
52457,NW-Alexander
52459,NW-Alexander
52477,NW-Alexander
52499,NW-Alexander
52511,NW-Alexander
52525,NW-Alexander
52531,NW-Alexander
52538,NW-Alexander
53111,NW-Julia
53113,NW-Julia
53115,NW-Julia
53117,NW-Julia
53119,NW-Julia
53121,NW-Julia
53123,NW-Julia
53125,NW-Julia
53127,NW-Julia
53129,NW-Julia
53173,NW-Julia
53175,NW-Julia
53177,NW-Julia
53179,NW-Julia
53225,NW-Julia
53227,NW-Julia
53229,NW-Julia
53332,NW-Julia
53340,NW-Julia
53343,NW-Julia
53347,NW-Julia
53359,NW-Julia
53604,NW-Julia
53639,NW-Julia
53721,NW-Julia
53757,NW-Julia
53773,NW-Julia
53783,NW-Julia
53797,NW-Julia
53804,NW-Julia
53809,NW-Julia
53819,NW-Julia
53840,NW-Julia
53842,NW-Julia
53844,NW-Julia
53859,NW-Julia
53879,NW-Julia
53881,NW-Julia
53894,NW-Julia
53902,NW-Julia
53909,NW-Julia
53913,NW-Julia
53919,NW-Julia
53925,NW-Julia
53937,NW-Julia
53940,NW-Julia
53945,NW-Julia
53947,NW-Julia
53949,NW-Julia
57072,NW-Julia
57074,NW-Julia
57076,NW-Julia
57078,NW-Julia
57080,NW-Julia
57223,NW-Julia
57234,NW-Julia
57250,NW-Julia
57258,NW-Julia
57271,NW-Julia
57290,NW-Julia
57299,NW-Julia
57319,NW-Julia
57334,NW-Julia
57339,NW-Julia
57368,NW-Julia
57392,NW-Julia
57399,NW-Julia
57413,NW-Julia
57439,NW-Julia
57462,NW-Julia
57482,NW-Julia
57489,NW-Julia
58089,NW-Michael
58091,NW-Michael
58093,NW-Michael
58095,NW-Michael
58097,NW-Michael
58099,NW-Michael
58119,NW-Michael
58135,NW-Michael
58239,NW-Michael
58256,NW-Michael
58285,NW-Michael
58300,NW-Michael
58313,NW-Michael
58332,NW-Michael
58339,NW-Michael
58452,NW-Michael
58453,NW-Michael
58454,NW-Michael
58455,NW-Michael
58456,NW-Michael
58507,NW-Michael
58509,NW-Michael
58511,NW-Michael
58513,NW-Michael
58515,NW-Michael
58540,NW-Michael
58553,NW-Michael
58566,NW-Michael
58579,NW-Michael
58636,NW-Michael
58638,NW-Michael
58640,NW-Michael
58642,NW-Michael
58644,NW-Michael
58675,NW-Michael
58706,NW-Michael
58708,NW-Michael
58710,NW-Michael
58730,NW-Michael
58739,NW-Michael
58762,NW-Michael
58769,NW-Michael
58791,NW-Michael
58802,NW-Michael
58809,NW-Michael
58840,NW-Michael
58849,NW-Michael
59063,NW-Lea
59065,NW-Lea
59067,NW-Lea
59069,NW-Lea
59071,NW-Lea
59073,NW-Lea
59075,NW-Lea
59077,NW-Lea
59174,NW-Lea
59192,NW-Lea
59199,NW-Lea
59227,NW-Lea
59229,NW-Lea
59269,NW-Lea
59302,NW-Lea
59320,NW-Lea
59329,NW-Lea
59348,NW-Lea
59368,NW-Lea
59379,NW-Lea
59387,NW-Lea
59394,NW-Lea
59399,NW-Lea
59423,NW-Lea
59425,NW-Lea
59427,NW-Lea
59439,NW-Lea
59457,NW-Lea
59469,NW-Lea
59494,NW-Lea
59505,NW-Lea
59510,NW-Lea
59514,NW-Lea
59519,NW-Lea
59555,NW-Lea
59556,NW-Lea
59557,NW-Lea
59558,NW-Lea
59581,NW-Lea
59590,NW-Lea
59597,NW-Lea
59602,NW-Lea
59609,NW-Lea
59755,NW-Lea
59757,NW-Lea
59759,NW-Lea
59821,NW-Lea
59823,NW-Lea
59846,NW-Lea
59872,NW-Lea
59889,NW-Lea
59909,NW-Lea
59929,NW-Lea
59939,NW-Lea
59955,NW-Lea
59964,NW-Lea
59969,NW-Lea
01067,SN-Joe
01069,SN-Joe
01097,SN-Joe
01099,SN-Joe
01108,SN-Joe
01109,SN-Joe
01127,SN-Joe
01129,SN-Joe
01139,SN-Joe
01156,SN-Joe
01157,SN-Joe
01159,SN-Joe
01169,SN-Joe
01187,SN-Joe
01189,SN-Joe
01217,SN-Joe
01219,SN-Joe
01237,SN-Joe
01239,SN-Joe
01257,SN-Joe
01259,SN-Joe
01277,SN-Joe
01279,SN-Joe
01307,SN-Joe
01309,SN-Joe
01324,SN-Joe
01326,SN-Joe
01328,SN-Joe
01445,SN-Joe
01454,SN-Joe
01458,SN-Joe
01462,SN-Joe
01465,SN-Joe
01468,SN-Joe
01471,SN-Joe
01477,SN-Joe
01478,SN-Joe
01558,SN-Joe
01561,SN-Joe
01587,SN-Joe
01589,SN-Joe
01591,SN-Joe
01594,SN-Joe
01609,SN-Joe
01612,SN-Joe
01616,SN-Joe
01619,SN-Joe
01623,SN-Joe
01640,SN-Joe
01662,SN-Joe
01665,SN-Joe
01683,SN-Joe
01689,SN-Joe
01705,SN-Joe
01723,SN-Joe
01728,SN-Joe
01731,SN-Joe
01734,SN-Joe
01737,SN-Joe
01738,SN-Joe
01744,SN-Joe
01762,SN-Joe
01768,SN-Joe
01773,SN-Joe
01774,SN-Joe
01776,SN-Joe
01778,SN-Joe
01796,SN-Joe
01809,SN-Joe
01814,SN-Joe
01816,SN-Joe
01819,SN-Joe
01824,SN-Joe
01825,SN-Joe
01829,SN-Joe
01833,SN-Joe
01844,SN-Joe
01847,SN-Joe
01848,SN-Joe
01855,SN-Joe
01877,SN-Joe
01896,SN-Joe
01900,SN-Joe
01904,SN-Joe
01906,SN-Joe
01909,SN-Joe
01917,SN-Joe
01920,SN-Joe
01936,SN-Joe
02625,SN-Joe
02627,SN-Joe
02633,SN-Joe
02640,SN-Joe
02643,SN-Joe
02681,SN-Joe
02689,SN-Joe
02692,SN-Joe
02694,SN-Joe
02699,SN-Joe
02708,SN-Joe
02727,SN-Joe
02730,SN-Joe
02733,SN-Joe
02736,SN-Joe
02739,SN-Joe
02742,SN-Joe
02747,SN-Joe
02748,SN-Joe
02763,SN-Joe
02779,SN-Joe
02782,SN-Joe
02785,SN-Joe
02788,SN-Joe
02791,SN-Joe
02794,SN-Joe
02796,SN-Joe
02797,SN-Joe
02799,SN-Joe
02826,SN-Joe
02827,SN-Joe
02828,SN-Joe
02829,SN-Joe
02894,SN-Joe
02899,SN-Joe
02906,SN-Joe
02923,SN-Joe
02929,SN-Joe
02943,SN-Joe
02953,SN-Joe
02956,SN-Joe
02957,SN-Joe
02959,SN-Joe
02977,SN-Joe
02979,SN-Joe
02991,SN-Joe
02994,SN-Joe
02997,SN-Joe
02999,SN-Joe
04103,SN-Joe
04105,SN-Joe
04107,SN-Joe
04109,SN-Joe
04129,SN-Joe
04155,SN-Joe
04157,SN-Joe
04158,SN-Joe
04159,SN-Joe
04177,SN-Joe
04178,SN-Joe
04179,SN-Joe
04205,SN-Joe
04207,SN-Joe
04209,SN-Joe
04229,SN-Joe
04249,SN-Joe
04275,SN-Joe
04277,SN-Joe
04279,SN-Joe
04288,SN-Joe
04289,SN-Joe
04299,SN-Joe
04315,SN-Joe
04316,SN-Joe
04317,SN-Joe
04318,SN-Joe
04319,SN-Joe
04329,SN-Joe
04347,SN-Joe
04349,SN-Joe
04356,SN-Joe
04357,SN-Joe
04416,SN-Joe
04420,SN-Joe
04425,SN-Joe
04435,SN-Joe
04442,SN-Joe
04451,SN-Joe
04460,SN-Joe
04463,SN-Joe
04509,SN-Joe
04519,SN-Joe
04523,SN-Joe
04539,SN-Joe
04552,SN-Joe
04564,SN-Joe
04565,SN-Joe
04567,SN-Joe
04571,SN-Joe
04574,SN-Joe
04575,SN-Joe
04579,SN-Joe
04643,SN-Joe
04651,SN-Joe
04654,SN-Joe
04655,SN-Joe
04657,SN-Joe
04668,SN-Joe
04680,SN-Joe
04683,SN-Joe
04685,SN-Joe
04687,SN-Joe
04688,SN-Joe
04703,SN-Joe
04720,SN-Joe
04736,SN-Joe
04741,SN-Joe
04746,SN-Joe
04749,SN-Joe
04758,SN-Joe
04769,SN-Joe
04774,SN-Joe
04779,SN-Joe
04808,SN-Joe
04821,SN-Joe
04824,SN-Joe
04827,SN-Joe
04828,SN-Joe
04838,SN-Joe
04849,SN-Joe
04860,SN-Joe
04874,SN-Joe
04880,SN-Joe
04886,SN-Joe
04889,SN-Joe
07919,SN-Agnes
07952,SN-Agnes
07985,SN-Agnes
08056,SN-Agnes
08058,SN-Agnes
08060,SN-Agnes
08062,SN-Agnes
08064,SN-Agnes
08066,SN-Agnes
08107,SN-Agnes
08112,SN-Agnes
08115,SN-Agnes
08118,SN-Agnes
08132,SN-Agnes
08134,SN-Agnes
08141,SN-Agnes
08144,SN-Agnes
08147,SN-Agnes
08209,SN-Agnes
08223,SN-Agnes
08228,SN-Agnes
08233,SN-Agnes
08236,SN-Agnes
08237,SN-Agnes
08239,SN-Agnes
08248,SN-Agnes
08258,SN-Agnes
08261,SN-Agnes
08262,SN-Agnes
08265,SN-Agnes
08267,SN-Agnes
08269,SN-Agnes
08280,SN-Agnes
08289,SN-Agnes
08294,SN-Agnes
08297,SN-Agnes
08301,SN-Agnes
08304,SN-Agnes
08309,SN-Agnes
08312,SN-Agnes
08315,SN-Agnes
08318,SN-Agnes
08321,SN-Agnes
08324,SN-Agnes
08325,SN-Agnes
08326,SN-Agnes
08328,SN-Agnes
08340,SN-Agnes
08349,SN-Agnes
08352,SN-Agnes
08355,SN-Agnes
08358,SN-Agnes
08359,SN-Agnes
08371,SN-Agnes
08373,SN-Agnes
08393,SN-Agnes
08396,SN-Agnes
08412,SN-Agnes
08427,SN-Agnes
08428,SN-Agnes
08432,SN-Agnes
08439,SN-Agnes
08451,SN-Agnes
08459,SN-Agnes
08468,SN-Agnes
08485,SN-Agnes
08491,SN-Agnes
08496,SN-Agnes
08499,SN-Agnes
08523,SN-Agnes
08525,SN-Agnes
08527,SN-Agnes
08529,SN-Agnes
08538,SN-Agnes
08539,SN-Agnes
08541,SN-Agnes
08543,SN-Agnes
08547,SN-Agnes
08548,SN-Agnes
08606,SN-Agnes
08626,SN-Agnes
08645,SN-Agnes
08648,SN-Agnes
09028,SN-Agnes
09030,SN-Agnes
09111,SN-Agnes
09112,SN-Agnes
09113,SN-Agnes
09114,SN-Agnes
09116,SN-Agnes
09117,SN-Agnes
09119,SN-Agnes
09120,SN-Agnes
09122,SN-Agnes
09123,SN-Agnes
09125,SN-Agnes
09126,SN-Agnes
09127,SN-Agnes
09128,SN-Agnes
09130,SN-Agnes
09131,SN-Agnes
09212,SN-Agnes
09217,SN-Agnes
09221,SN-Agnes
09224,SN-Agnes
09227,SN-Agnes
09232,SN-Agnes
09235,SN-Agnes
09236,SN-Agnes
09241,SN-Agnes
09243,SN-Agnes
09244,SN-Agnes
09246,SN-Agnes
09247,SN-Agnes
09249,SN-Agnes
09306,SN-Agnes
09322,SN-Agnes
09326,SN-Agnes
09328,SN-Agnes
09337,SN-Agnes
09350,SN-Agnes
09353,SN-Agnes
09355,SN-Agnes
09356,SN-Agnes
09366,SN-Agnes
09376,SN-Agnes
09380,SN-Agnes
09385,SN-Agnes
09387,SN-Agnes
09390,SN-Agnes
09392,SN-Agnes
09394,SN-Agnes
09395,SN-Agnes
09399,SN-Agnes
09405,SN-Agnes
09419,SN-Agnes
09423,SN-Agnes
09427,SN-Agnes
09429,SN-Agnes
09430,SN-Agnes
09432,SN-Agnes
09435,SN-Agnes
09437,SN-Agnes
09439,SN-Agnes
09456,SN-Agnes
09465,SN-Agnes
09468,SN-Agnes
09471,SN-Agnes
09474,SN-Agnes
09477,SN-Agnes
09481,SN-Agnes
09484,SN-Agnes
09487,SN-Agnes
09488,SN-Agnes
09496,SN-Agnes
09509,SN-Agnes
09514,SN-Agnes
09517,SN-Agnes
09518,SN-Agnes
09526,SN-Agnes
09544,SN-Agnes
09548,SN-Agnes
09557,SN-Agnes
09569,SN-Agnes
09573,SN-Agnes
09575,SN-Agnes
09577,SN-Agnes
09579,SN-Agnes
09599,SN-Agnes
09600,SN-Agnes
09603,SN-Agnes
09618,SN-Agnes
09619,SN-Agnes
09623,SN-Agnes
09627,SN-Agnes
09629,SN-Agnes
09633,SN-Agnes
09634,SN-Agnes
09638,SN-Agnes
09648,SN-Agnes
09661,SN-Agnes
09669,SN-Agnes
06108,ST-Franka
06110,ST-Franka
06112,ST-Franka
06114,ST-Franka
06116,ST-Franka
06118,ST-Franka
06120,ST-Franka
06122,ST-Franka
06124,ST-Franka
06126,ST-Franka
06128,ST-Franka
06130,ST-Franka
06132,ST-Franka
06179,ST-Franka
06184,ST-Franka
06188,ST-Franka
06193,ST-Franka
06198,ST-Franka
06217,ST-Franka
06231,ST-Franka
06237,ST-Franka
06242,ST-Franka
06246,ST-Franka
06249,ST-Franka
06254,ST-Franka
06255,ST-Franka
06258,ST-Franka
06259,ST-Franka
06268,ST-Franka
06279,ST-Franka
06295,ST-Franka
06308,ST-Franka
06311,ST-Franka
06313,ST-Franka
06317,ST-Franka
06318,ST-Franka
06333,ST-Franka
06343,ST-Franka
06347,ST-Franka
06348,ST-Franka
06366,ST-Franka
06369,ST-Franka
06385,ST-Franka
06386,ST-Franka
06388,ST-Franka
06406,ST-Franka
06408,ST-Franka
06420,ST-Franka
06425,ST-Franka
06429,ST-Franka
06449,ST-Franka
06456,ST-Franka
06458,ST-Franka
06463,ST-Franka
06464,ST-Franka
06466,ST-Franka
06467,ST-Franka
06469,ST-Franka
06484,ST-Franka
06493,ST-Franka
06502,ST-Franka
06507,ST-Franka
06526,ST-Franka
06528,ST-Franka
06536,ST-Franka
06537,ST-Franka
06542,ST-Franka
06543,ST-Franka
06547,ST-Franka
06548,ST-Franka
06618,ST-Franka
06628,ST-Franka
06632,ST-Franka
06636,ST-Franka
06638,ST-Franka
06642,ST-Franka
06647,ST-Franka
06648,ST-Franka
06667,ST-Franka
06679,ST-Franka
06682,ST-Franka
06686,ST-Franka
06688,ST-Franka
06712,ST-Franka
06721,ST-Franka
06722,ST-Franka
06724,ST-Franka
06725,ST-Franka
06727,ST-Franka
06729,ST-Franka
06731,ST-Franka
06749,ST-Franka
06766,ST-Franka
06773,ST-Franka
06774,ST-Franka
06779,ST-Franka
06780,ST-Franka
06785,ST-Franka
06786,ST-Franka
06791,ST-Franka
06792,ST-Franka
06794,ST-Franka
06796,ST-Franka
06800,ST-Franka
06803,ST-Franka
06804,ST-Franka
06808,ST-Franka
06809,ST-Franka
06842,ST-Franka
06844,ST-Franka
06846,ST-Franka
06847,ST-Franka
06849,ST-Franka
06861,ST-Franka
06862,ST-Franka
06869,ST-Franka
06886,ST-Franka
06888,ST-Franka
06895,ST-Franka
06896,ST-Franka
06901,ST-Franka
06905,ST-Franka
06909,ST-Franka
06917,ST-Franka
06918,ST-Franka
06922,ST-Franka
06925,ST-Franka
06926,ST-Franka
06928,ST-Franka
14715,ST-Franka
29410,ST-Franka
29413,ST-Franka
29416,ST-Franka
38486,ST-Franka
38489,ST-Franka
38820,ST-Franka
38822,ST-Franka
38828,ST-Franka
38829,ST-Franka
38835,ST-Franka
38836,ST-Franka
38838,ST-Franka
38855,ST-Franka
38871,ST-Franka
38875,ST-Franka
38877,ST-Franka
38879,ST-Franka
38889,ST-Franka
38895,ST-Franka
38899,ST-Franka
39104,ST-Franka
39106,ST-Franka
39108,ST-Franka
39110,ST-Franka
39112,ST-Franka
39114,ST-Franka
39116,ST-Franka
39118,ST-Franka
39120,ST-Franka
39122,ST-Franka
39124,ST-Franka
39126,ST-Franka
39128,ST-Franka
39130,ST-Franka
39164,ST-Franka
39167,ST-Franka
39171,ST-Franka
39175,ST-Franka
39179,ST-Franka
39218,ST-Franka
39221,ST-Franka
39240,ST-Franka
39245,ST-Franka
39249,ST-Franka
39261,ST-Franka
39264,ST-Franka
39279,ST-Franka
39288,ST-Franka
39291,ST-Franka
39307,ST-Franka
39317,ST-Franka
39319,ST-Franka
39326,ST-Franka
39340,ST-Franka
39343,ST-Franka
39345,ST-Franka
39356,ST-Franka
39359,ST-Franka
39365,ST-Franka
39387,ST-Franka
39393,ST-Franka
39397,ST-Franka
39398,ST-Franka
39418,ST-Franka
39434,ST-Franka
39435,ST-Franka
39439,ST-Franka
39443,ST-Franka
39444,ST-Franka
39446,ST-Franka
39448,ST-Franka
39517,ST-Franka
39524,ST-Franka
39539,ST-Franka
39576,ST-Franka
39579,ST-Franka
39590,ST-Franka
39596,ST-Franka
39599,ST-Franka
39606,ST-Franka
39615,ST-Franka
39619,ST-Franka
39624,ST-Franka
39629,ST-Franka
39638,ST-Franka
39646,ST-Franka
39649,ST-Franka
